seed,vectorizer,model,params,accuracy,training_time,prediction_time,peak_memory_train,peak_memory_prediction,precision_class_0,recall_class_0,f1_class_0,precision_class_1,recall_class_1,f1_class_1
2,TfidfVectorizer,RandomForest,"{'n_estimators': 50, 'criterion': 'gini'}",0.726,4.751773700118065,1.515541800064966,389.125,386.3828125,0.7254901960784313,0.8394415357766143,0.7783171521035599,0.7270029673590505,0.5737704918032787,0.6413612565445026
2,TfidfVectorizer,RandomForest,"{'n_estimators': 50, 'criterion': 'entropy'}",0.725,4.735534900100902,1.0298004001379013,388.80859375,386.4140625,0.7217261904761905,0.8464223385689355,0.7791164658634538,0.7317073170731707,0.5620608899297423,0.6357615894039735
2,TfidfVectorizer,RandomForest,"{'n_estimators': 50, 'criterion': 'log_loss'}",0.725,4.79990560002625,1.0847748999949545,388.80078125,388.8359375,0.7217261904761905,0.8464223385689355,0.7791164658634538,0.7317073170731707,0.5620608899297423,0.6357615894039735
2,TfidfVectorizer,RandomForest,"{'n_estimators': 100, 'criterion': 'gini'}",0.733,9.14531320007518,1.0214532997924834,415.09375,415.09375,0.7276785714285714,0.8534031413612565,0.7855421686746988,0.7439024390243902,0.5714285714285714,0.6463576158940397
2,TfidfVectorizer,RandomForest,"{'n_estimators': 100, 'criterion': 'entropy'}",0.727,8.81119570019655,1.0460667998995632,414.36328125,411.6015625,0.7245508982035929,0.8446771378708552,0.7800161160354553,0.7319277108433735,0.5690866510538641,0.6403162055335968
2,TfidfVectorizer,RandomForest,"{'n_estimators': 100, 'criterion': 'log_loss'}",0.727,8.823830000124872,1.0385497999377549,414.0703125,414.25,0.7245508982035929,0.8446771378708552,0.7800161160354553,0.7319277108433735,0.5690866510538641,0.6403162055335968
2,TfidfVectorizer,RandomForest,"{'n_estimators': 150, 'criterion': 'gini'}",0.738,13.807926699984819,1.2274031001143157,440.140625,440.21484375,0.7303703703703703,0.8603839441535777,0.7900641025641025,0.7538461538461538,0.5737704918032787,0.651595744680851
2,TfidfVectorizer,RandomForest,"{'n_estimators': 150, 'criterion': 'entropy'}",0.726,13.035940799862146,1.0939655001275241,439.56640625,437.12890625,0.7228017883755589,0.8464223385689355,0.7797427652733119,0.7325227963525835,0.5644028103044496,0.6375661375661376
2,TfidfVectorizer,RandomForest,"{'n_estimators': 150, 'criterion': 'log_loss'}",0.726,13.059514400083572,1.091156000038609,439.859375,440.0625,0.7228017883755589,0.8464223385689355,0.7797427652733119,0.7325227963525835,0.5644028103044496,0.6375661375661376
2,TfidfVectorizer,SVC,"{'C': 0.1, 'kernel': 'linear'}",0.687,5.4490652999375015,0.9477267998736352,652.53125,450.05859375,0.6620947630922693,0.9267015706806283,0.7723636363636364,0.7878787878787878,0.36533957845433257,0.4992
2,TfidfVectorizer,SVC,"{'C': 0.1, 'kernel': 'rbf'}",0.605,6.0453317000065,1.1130255998577923,652.9921875,450.71875,0.5938818565400844,0.9825479930191972,0.740302432610125,0.8076923076923077,0.09836065573770492,0.17536534446764093
2,TfidfVectorizer,SVC,"{'C': 0.1, 'kernel': 'sigmoid'}",0.686,5.638576800003648,0.9580047000199556,650.875,450.8125,0.6612702366127023,0.9267015706806283,0.7718023255813954,0.7868020304568528,0.3629976580796253,0.4967948717948718
2,TfidfVectorizer,SVC,"{'C': 1, 'kernel': 'linear'}",0.705,4.836708599934354,0.8540513999760151,680.89453125,449.79296875,0.7278688524590164,0.774869109947644,0.7506339814032121,0.6692307692307692,0.6112412177985949,0.6389228886168911
2,TfidfVectorizer,SVC,"{'C': 1, 'kernel': 'rbf'}",0.732,7.455948299961165,1.075707299867645,678.87890625,451.67578125,0.7272727272727273,0.8516579406631762,0.7845659163987139,0.7416413373860182,0.5714285714285714,0.6455026455026455
2,TfidfVectorizer,SVC,"{'C': 1, 'kernel': 'sigmoid'}",0.699,4.835277099860832,0.8430522999260575,663.0625,449.59375,0.7193548387096774,0.7783595113438045,0.7476948868398994,0.6657894736842105,0.5925058548009368,0.6270136307311028
2,TfidfVectorizer,SVC,"{'C': 10, 'kernel': 'linear'}",0.664,8.41238999995403,0.8258547999430448,666.40234375,449.9375,0.7309941520467836,0.6544502617801047,0.6906077348066298,0.5934291581108829,0.6768149882903981,0.6323851203501094
2,TfidfVectorizer,SVC,"{'C': 10, 'kernel': 'rbf'}",0.715,13.824974900111556,1.1928208000026643,669.36328125,450.55078125,0.7345276872964169,0.787085514834206,0.7598989048020219,0.6839378238341969,0.6182669789227166,0.6494464944649446
2,TfidfVectorizer,SVC,"{'C': 10, 'kernel': 'sigmoid'}",0.635,6.384713399922475,0.7400492001324892,636.70703125,449.4375,0.7203389830508474,0.5933682373472949,0.6507177033492823,0.5587121212121212,0.6908665105386417,0.6178010471204188
2,TfidfVectorizer,MultinomialNB,{'alpha': 0.01},0.674,1.1095048000570387,1.9517574000637978,445.89453125,440.8828125,0.7407407407407407,0.6631762652705061,0.6998158379373849,0.6036960985626283,0.6885245901639344,0.6433260393873085
2,TfidfVectorizer,MultinomialNB,{'alpha': 0.1},0.692,1.1511099999770522,1.884297699900344,446.2421875,440.859375,0.7495291902071564,0.6945898778359512,0.7210144927536232,0.6268656716417911,0.6885245901639344,0.65625
2,TfidfVectorizer,MultinomialNB,{'alpha': 1.0},0.72,1.1295912999194115,1.9848172001075,444.984375,440.53125,0.7209653092006033,0.8342059336823735,0.7734627831715211,0.7181008902077152,0.5667447306791569,0.6335078534031413
2,TfidfVectorizer,LogisticRegression,"{'C': 0.1, 'penalty': 'l2'}",0.69,1.2183207999914885,1.9292086998466402,450.26171875,440.40234375,0.6679438058748404,0.912739965095986,0.7713864306784661,0.7695852534562212,0.3911007025761124,0.5186335403726708
2,TfidfVectorizer,LogisticRegression,"{'C': 1, 'penalty': 'l2'}",0.723,1.3058477998711169,2.003349600126967,450.38671875,440.55859375,0.7262996941896025,0.8289703315881326,0.7742461287693562,0.7167630057803468,0.5807962529274004,0.6416558861578266
2,TfidfVectorizer,LogisticRegression,"{'C': 10, 'penalty': 'l2'}",0.698,1.2418074999004602,2.0155005999840796,450.375,440.359375,0.7332185886402753,0.743455497382199,0.7383015597920277,0.649164677804296,0.6370023419203747,0.6430260047281324
2,TfidfVectorizer,KNeighbors,"{'n_neighbors': 3, 'algorithm': 'ball_tree'}",0.591,1.2018897000234574,1.2967059998773038,447.1015625,576.00390625,0.5852390852390852,0.9825479930191972,0.7335504885993486,0.7368421052631579,0.06557377049180328,0.12043010752688173
2,TfidfVectorizer,KNeighbors,"{'n_neighbors': 3, 'algorithm': 'kd_tree'}",0.591,1.160822100006044,1.2216113000176847,447.5390625,572.875,0.5852390852390852,0.9825479930191972,0.7335504885993486,0.7368421052631579,0.06557377049180328,0.12043010752688173
2,TfidfVectorizer,KNeighbors,"{'n_neighbors': 3, 'algorithm': 'brute'}",0.591,1.1916541000828147,1.3425898998975754,447.76171875,578.39453125,0.5852390852390852,0.9825479930191972,0.7335504885993486,0.7368421052631579,0.06557377049180328,0.12043010752688173
2,TfidfVectorizer,KNeighbors,"{'n_neighbors': 5, 'algorithm': 'ball_tree'}",0.584,1.2383944001048803,1.2950637999456376,447.5390625,567.92578125,0.5801838610827375,0.9912739965095986,0.7319587628865979,0.7619047619047619,0.03747072599531616,0.07142857142857142
2,TfidfVectorizer,KNeighbors,"{'n_neighbors': 5, 'algorithm': 'kd_tree'}",0.584,1.2308477000333369,1.3609492999967188,447.8046875,579.921875,0.5801838610827375,0.9912739965095986,0.7319587628865979,0.7619047619047619,0.03747072599531616,0.07142857142857142
2,TfidfVectorizer,KNeighbors,"{'n_neighbors': 5, 'algorithm': 'brute'}",0.584,1.2099967999383807,1.3372845000121742,447.70703125,566.8828125,0.5801838610827375,0.9912739965095986,0.7319587628865979,0.7619047619047619,0.03747072599531616,0.07142857142857142
2,TfidfVectorizer,KNeighbors,"{'n_neighbors': 7, 'algorithm': 'ball_tree'}",0.578,1.1577739999629557,1.2836185998748988,447.5546875,573.36328125,0.5766497461928934,0.9912739965095986,0.7291399229781772,0.6666666666666666,0.0234192037470726,0.04524886877828054
2,TfidfVectorizer,KNeighbors,"{'n_neighbors': 7, 'algorithm': 'kd_tree'}",0.578,1.1111936999950558,1.2233619999606162,447.76953125,575.2265625,0.5766497461928934,0.9912739965095986,0.7291399229781772,0.6666666666666666,0.0234192037470726,0.04524886877828054
2,TfidfVectorizer,KNeighbors,"{'n_neighbors': 7, 'algorithm': 'brute'}",0.578,1.1105955999810249,1.228340300032869,447.64453125,565.73046875,0.5766497461928934,0.9912739965095986,0.7291399229781772,0.6666666666666666,0.0234192037470726,0.04524886877828054
2,TfidfVectorizer,DecisionTree,"{'criterion': 'gini', 'max_features': 'sqrt'}",0.643,1.348164499970153,1.8596224999055266,448.84375,442.921875,0.6928571428571428,0.6771378708551483,0.6849073256840247,0.5795454545454546,0.5971896955503513,0.5882352941176471
2,TfidfVectorizer,DecisionTree,"{'criterion': 'gini', 'max_features': 'log2'}",0.61,1.3546084000263363,1.8505219998769462,448.84375,443.375,0.6548223350253807,0.675392670157068,0.6649484536082474,0.5452322738386308,0.522248243559719,0.5334928229665071
2,TfidfVectorizer,DecisionTree,"{'criterion': 'gini', 'max_features': None}",0.678,1.8099205000326037,1.844188499962911,448.0859375,442.51953125,0.7088186356073212,0.743455497382199,0.7257240204429302,0.631578947368421,0.5901639344262295,0.6101694915254238
2,TfidfVectorizer,DecisionTree,"{'criterion': 'entropy', 'max_features': 'sqrt'}",0.647,1.369641600176692,1.9542068000882864,448.7578125,443.1640625,0.6779935275080906,0.731239092495637,0.7036104114189756,0.5968586387434555,0.5339578454332553,0.5636588380716935
2,TfidfVectorizer,DecisionTree,"{'criterion': 'entropy', 'max_features': 'log2'}",0.628,0.7634275001473725,2.029649400152266,448.53125,443.26953125,0.6700507614213198,0.6910994764397905,0.6804123711340206,0.5672371638141809,0.5433255269320844,0.5550239234449761
2,TfidfVectorizer,DecisionTree,"{'criterion': 'entropy', 'max_features': None}",0.669,1.7859662999399006,1.999361300142482,448.15234375,442.625,0.7064846416382252,0.7225130890052356,0.7144089732528042,0.6159420289855072,0.5971896955503513,0.6064209274673008
2,TfidfVectorizer,DecisionTree,"{'criterion': 'log_loss', 'max_features': 'sqrt'}",0.647,0.6980918999761343,1.8856514000799507,448.625,443.22265625,0.6779935275080906,0.731239092495637,0.7036104114189756,0.5968586387434555,0.5339578454332553,0.5636588380716935
2,TfidfVectorizer,DecisionTree,"{'criterion': 'log_loss', 'max_features': 'log2'}",0.628,1.3407125999219716,1.8322758001741022,449.21875,443.53125,0.6700507614213198,0.6910994764397905,0.6804123711340206,0.5672371638141809,0.5433255269320844,0.5550239234449761
2,TfidfVectorizer,DecisionTree,"{'criterion': 'log_loss', 'max_features': None}",0.669,1.715911699924618,1.8619176000356674,447.9296875,442.65625,0.7064846416382252,0.7225130890052356,0.7144089732528042,0.6159420289855072,0.5971896955503513,0.6064209274673008
2,TfidfVectorizer,GradientBoosting,"{'n_estimators': 100, 'criterion': 'friedman_mse'}",0.714,4.010230999905616,1.858572700060904,449.875,444.54296875,0.689064558629776,0.912739965095986,0.7852852852852853,0.7925311203319502,0.44730679156908665,0.5718562874251497
2,TfidfVectorizer,GradientBoosting,"{'n_estimators': 100, 'criterion': 'squared_error'}",0.714,3.9793084000702947,1.8769290000200272,449.49609375,444.421875,0.689064558629776,0.912739965095986,0.7852852852852853,0.7925311203319502,0.44730679156908665,0.5718562874251497
2,TfidfVectorizer,GradientBoosting,"{'n_estimators': 150, 'criterion': 'friedman_mse'}",0.715,5.903310100082308,1.8719952998217195,450.28125,444.6015625,0.6940700808625337,0.8987783595113438,0.7832699619771863,0.7751937984496124,0.468384074941452,0.583941605839416
2,TfidfVectorizer,GradientBoosting,"{'n_estimators': 150, 'criterion': 'squared_error'}",0.715,5.8619681999552995,1.8576588998548687,449.75390625,444.53515625,0.6940700808625337,0.8987783595113438,0.7832699619771863,0.7751937984496124,0.468384074941452,0.583941605839416
2,TfidfVectorizer,GradientBoosting,"{'n_estimators': 200, 'criterion': 'friedman_mse'}",0.712,7.431718399981037,1.9133464999031276,450.64453125,444.8515625,0.6928281461434371,0.893542757417103,0.7804878048780488,0.7662835249042146,0.468384074941452,0.5813953488372093
2,TfidfVectorizer,GradientBoosting,"{'n_estimators': 200, 'criterion': 'squared_error'}",0.712,7.521190200001001,1.9193633999675512,449.97265625,444.5390625,0.6928281461434371,0.893542757417103,0.7804878048780488,0.7662835249042146,0.468384074941452,0.5813953488372093
2,TfidfVectorizer,AdaBoost,"{'n_estimators': 50, 'learning_rate': 0.01}",0.651,1.3764498000964522,1.4058574000373483,449.41796875,444.3359375,0.6299303944315545,0.9476439790575916,0.756794425087108,0.782608695652174,0.2529274004683841,0.3823008849557522
2,TfidfVectorizer,AdaBoost,"{'n_estimators': 50, 'learning_rate': 0.1}",0.689,1.3406580002047122,1.519590700045228,449.19140625,444.28125,0.6641604010025063,0.924956369982548,0.7731582786287381,0.7871287128712872,0.37236533957845436,0.505564387917329
2,TfidfVectorizer,AdaBoost,"{'n_estimators': 50, 'learning_rate': 1.0}",0.702,1.4443920000921935,1.4865153999999166,449.49609375,444.20703125,0.697274031563845,0.8481675392670157,0.7653543307086614,0.7128712871287128,0.5058548009367682,0.5917808219178082
2,TfidfVectorizer,AdaBoost,"{'n_estimators': 100, 'learning_rate': 0.01}",0.651,2.1973808999173343,1.0684406999498606,449.1328125,444.15234375,0.6299303944315545,0.9476439790575916,0.756794425087108,0.782608695652174,0.2529274004683841,0.3823008849557522
2,TfidfVectorizer,AdaBoost,"{'n_estimators': 100, 'learning_rate': 0.1}",0.701,2.2217020001262426,1.5582304999697953,449.3828125,444.2109375,0.6751918158567775,0.9214659685863874,0.7793357933579336,0.7935779816513762,0.405152224824356,0.5364341085271318
2,TfidfVectorizer,AdaBoost,"{'n_estimators': 100, 'learning_rate': 1.0}",0.71,2.120272799860686,1.5100865000858903,449.1796875,444.16015625,0.7187017001545595,0.8115183246073299,0.7622950819672131,0.6940509915014165,0.5737704918032787,0.6282051282051282
2,TfidfVectorizer,AdaBoost,"{'n_estimators': 150, 'learning_rate': 0.01}",0.66,2.9436461001168936,1.049945400096476,449.44140625,447.7421875,0.6372202591283863,0.944153577661431,0.7609001406469761,0.7880794701986755,0.2786885245901639,0.4117647058823529
2,TfidfVectorizer,AdaBoost,"{'n_estimators': 150, 'learning_rate': 0.1}",0.704,2.963202300015837,1.0865563999395818,449.2421875,444.2265625,0.6796368352788587,0.9144851657940664,0.7797619047619048,0.7860262008733624,0.4215456674473068,0.5487804878048781
2,TfidfVectorizer,AdaBoost,"{'n_estimators': 150, 'learning_rate': 1.0}",0.71,2.964095799950883,1.051012499956414,449.46875,444.12890625,0.7193798449612403,0.8097731239092496,0.7619047619047619,0.6929577464788732,0.5761124121779859,0.629156010230179
2,TfidfVectorizer,SGD,"{'alpha': 0.0001, 'penalty': 'l2'}",0.707,1.2709150000009686,2.081874799914658,449.26953125,444.296875,0.7287581699346405,0.7783595113438045,0.7527426160337553,0.6726804123711341,0.6112412177985949,0.6404907975460122
2,TfidfVectorizer,SGD,"{'alpha': 0.0001, 'penalty': 'l1'}",0.714,1.2245940999127924,1.9211661000736058,449.2578125,444.2109375,0.713859910581222,0.8359511343804538,0.770096463022508,0.7142857142857143,0.550351288056206,0.6216931216931217
2,TfidfVectorizer,SGD,"{'alpha': 0.0001, 'penalty': 'elasticnet'}",0.723,1.1858610000927001,1.8503470998257399,449.27734375,444.30859375,0.7379421221864951,0.8010471204188482,0.7682008368200837,0.6984126984126984,0.6182669789227166,0.6559006211180124
2,TfidfVectorizer,SGD,"{'alpha': 0.001, 'penalty': 'l2'}",0.688,1.123496500076726,1.8669555000960827,449.40625,444.30078125,0.6637390213299874,0.9232111692844677,0.7722627737226277,0.7832512315270936,0.37236533957845436,0.5047619047619047
2,TfidfVectorizer,SGD,"{'alpha': 0.001, 'penalty': 'l1'}",0.689,1.1110669001936913,1.865874599898234,449.40234375,444.31640625,0.66375,0.9267015706806283,0.7734887108521485,0.79,0.3700234192037471,0.5039872408293461
2,TfidfVectorizer,SGD,"{'alpha': 0.001, 'penalty': 'elasticnet'}",0.689,1.1284370999783278,1.8546048998832703,449.33984375,444.33203125,0.6613300492610837,0.93717277486911,0.7754512635379062,0.8085106382978723,0.3559718969555035,0.4943089430894309
2,TfidfVectorizer,SGD,"{'alpha': 0.01, 'penalty': 'l2'}",0.574,1.121680699987337,1.8532306000124663,449.34765625,444.33203125,0.5735735735735735,1.0,0.7290076335877863,1.0,0.00234192037470726,0.004672897196261682
2,TfidfVectorizer,SGD,"{'alpha': 0.01, 'penalty': 'l1'}",0.573,1.120939200045541,1.8532262998633087,449.4296875,444.32421875,0.573,1.0,0.7285441830896376,0.0,0.0,0.0
2,TfidfVectorizer,SGD,"{'alpha': 0.01, 'penalty': 'elasticnet'}",0.573,1.1254145000129938,1.8639523000456393,449.42578125,444.3828125,0.573,1.0,0.7285441830896376,0.0,0.0,0.0
2,CountVectorizer,RandomForest,"{'n_estimators': 50, 'criterion': 'gini'}",0.739,5.721234000055119,1.5652922000735998,444.3828125,398.8359375,0.7608695652173914,0.794066317626527,0.7771135781383433,0.7064676616915423,0.6651053864168618,0.6851628468033776
2,CountVectorizer,RandomForest,"{'n_estimators': 50, 'criterion': 'entropy'}",0.731,5.372251099906862,1.0074629001319408,400.6953125,400.78515625,0.7602739726027398,0.774869109947644,0.7675021607605877,0.6899038461538461,0.6721311475409836,0.6809015421115066
2,CountVectorizer,RandomForest,"{'n_estimators': 50, 'criterion': 'log_loss'}",0.731,5.253426499897614,1.0676688998937607,400.69921875,400.8046875,0.7602739726027398,0.774869109947644,0.7675021607605877,0.6899038461538461,0.6721311475409836,0.6809015421115066
2,CountVectorizer,RandomForest,"{'n_estimators': 100, 'criterion': 'gini'}",0.732,10.644156199879944,1.0882510000374168,430.2265625,430.23046875,0.7545909849749582,0.7888307155322862,0.7713310580204779,0.6982543640897756,0.6557377049180327,0.6763285024154589
2,CountVectorizer,RandomForest,"{'n_estimators': 100, 'criterion': 'entropy'}",0.729,10.008461899822578,1.0675433999858797,429.23828125,429.25,0.7533557046979866,0.7835951134380453,0.7681779298545766,0.693069306930693,0.6557377049180327,0.6738868832731648
2,CountVectorizer,RandomForest,"{'n_estimators': 100, 'criterion': 'log_loss'}",0.729,9.984516500029713,1.059930199990049,429.109375,429.18359375,0.7533557046979866,0.7835951134380453,0.7681779298545766,0.693069306930693,0.6557377049180327,0.6738868832731648
2,CountVectorizer,RandomForest,"{'n_estimators': 150, 'criterion': 'gini'}",0.74,15.248388200066984,1.1107967998832464,458.984375,459.17578125,0.7595356550580431,0.7993019197207679,0.7789115646258503,0.7103274559193955,0.6604215456674473,0.6844660194174758
2,CountVectorizer,RandomForest,"{'n_estimators': 150, 'criterion': 'entropy'}",0.73,14.592334600165486,1.0869026000145823,457.234375,454.69140625,0.7512437810945274,0.7905759162303665,0.7704081632653061,0.6977329974811083,0.6487119437939111,0.6723300970873787
2,CountVectorizer,RandomForest,"{'n_estimators': 150, 'criterion': 'log_loss'}",0.73,14.362147400155663,1.1084551000967622,457.62890625,454.71484375,0.7512437810945274,0.7905759162303665,0.7704081632653061,0.6977329974811083,0.6487119437939111,0.6723300970873787
2,CountVectorizer,SVC,"{'C': 0.1, 'kernel': 'linear'}",0.718,4.62220950005576,0.8858314000535756,694.22265625,465.953125,0.7248840803709428,0.8184991273996509,0.7688524590163934,0.7053824362606232,0.5831381733021077,0.6384615384615384
2,CountVectorizer,SVC,"{'C': 0.1, 'kernel': 'rbf'}",0.643,5.8279419001191854,1.0857226999942213,666.69140625,466.89453125,0.6227272727272727,0.956369982547993,0.7543014452856159,0.7916666666666666,0.2224824355971897,0.3473491773308958
2,CountVectorizer,SVC,"{'C': 0.1, 'kernel': 'sigmoid'}",0.652,5.003240799997002,0.8818171999882907,664.33203125,466.3671875,0.7142857142857143,0.6544502617801047,0.6830601092896175,0.5831578947368421,0.6487119437939111,0.614190687361419
2,CountVectorizer,SVC,"{'C': 1, 'kernel': 'linear'}",0.684,5.598310299916193,0.8110351001378149,701.01953125,465.96875,0.7290552584670231,0.7137870855148342,0.7213403880070547,0.6264236902050114,0.6440281030444965,0.6351039260969977
2,CountVectorizer,SVC,"{'C': 1, 'kernel': 'rbf'}",0.723,5.6761234998703,1.04890300007537,700.37109375,466.625,0.7144927536231884,0.8603839441535777,0.7806809184481394,0.7419354838709677,0.5386416861826698,0.6241519674355496
2,CountVectorizer,SVC,"{'C': 1, 'kernel': 'sigmoid'}",0.646,3.363843400031328,0.7588540001306683,599.4453125,465.6953125,0.7085714285714285,0.6492146596858639,0.6775956284153005,0.5768421052631579,0.6416861826697893,0.6075388026607539
2,CountVectorizer,SVC,"{'C': 10, 'kernel': 'linear'}",0.631,6.872767300112173,0.783639800036326,692.06640625,465.3671875,0.6902985074626866,0.6457242582897034,0.6672678088367899,0.5625,0.6112412177985949,0.5858585858585859
2,CountVectorizer,SVC,"{'C': 10, 'kernel': 'rbf'}",0.692,11.8973453999497,1.0650694998912513,689.18359375,467.04296875,0.7106518282988871,0.7801047120418848,0.7437603993344426,0.660377358490566,0.5737704918032787,0.6140350877192983
2,CountVectorizer,SVC,"{'C': 10, 'kernel': 'sigmoid'}",0.63,2.9365430001635104,1.375291199889034,578.31640625,464.27734375,0.6963249516441006,0.6282722513089005,0.6605504587155964,0.5590062111801242,0.6323185011709602,0.5934065934065934
2,CountVectorizer,MultinomialNB,{'alpha': 0.01},0.674,1.108111099805683,1.8557031999807805,461.33984375,454.66796875,0.7622080679405521,0.6265270506108203,0.6877394636015326,0.5954631379962193,0.7377049180327869,0.6589958158995816
2,CountVectorizer,MultinomialNB,{'alpha': 0.1},0.687,1.0889616999775171,1.846233000047505,460.234375,454.4453125,0.7801724137931034,0.631762652705061,0.6981677917068466,0.6063432835820896,0.7611241217798594,0.6749740394600208
2,CountVectorizer,MultinomialNB,{'alpha': 1.0},0.705,1.0873651998117566,1.9219166000839323,460.2109375,454.3671875,0.7791164658634538,0.6771378708551483,0.7245564892623716,0.6314741035856574,0.7423887587822015,0.682454251883746
2,CountVectorizer,LogisticRegression,"{'C': 0.1, 'penalty': 'l2'}",0.722,0.7874475000426173,1.9548921000678092,463.76953125,454.0859375,0.7218045112781954,0.837696335078534,0.7754442649434572,0.7223880597014926,0.5667447306791569,0.6351706036745407
2,CountVectorizer,LogisticRegression,"{'C': 1, 'penalty': 'l2'}",0.701,0.9827591998036951,1.8850465000141412,464.1484375,454.07421875,0.7216828478964401,0.7783595113438045,0.7489504617968094,0.6675392670157068,0.5971896955503513,0.630407911001236
2,CountVectorizer,LogisticRegression,"{'C': 10, 'penalty': 'l2'}",0.685,1.0723409000784159,1.911928900051862,464.49609375,453.98828125,0.727112676056338,0.7207678883071553,0.7239263803680982,0.6296296296296297,0.6370023419203747,0.6332945285215367
2,CountVectorizer,KNeighbors,"{'n_neighbors': 3, 'algorithm': 'ball_tree'}",0.643,1.07184370001778,1.2499498999677598,459.59765625,588.22265625,0.6391752577319587,0.8656195462478184,0.7353595255744997,0.65625,0.3442622950819672,0.45161290322580644
2,CountVectorizer,KNeighbors,"{'n_neighbors': 3, 'algorithm': 'kd_tree'}",0.643,1.098113700048998,1.2463179000187665,458.8515625,592.62109375,0.6391752577319587,0.8656195462478184,0.7353595255744997,0.65625,0.3442622950819672,0.45161290322580644
2,CountVectorizer,KNeighbors,"{'n_neighbors': 3, 'algorithm': 'brute'}",0.643,1.0727355000562966,1.2363964000251144,459.0703125,589.64453125,0.6391752577319587,0.8656195462478184,0.7353595255744997,0.65625,0.3442622950819672,0.45161290322580644
2,CountVectorizer,KNeighbors,"{'n_neighbors': 5, 'algorithm': 'ball_tree'}",0.638,1.0793735999614,1.2482843999750912,459.00390625,582.49609375,0.6285018270401949,0.900523560209424,0.7403156384505022,0.6815642458100558,0.2857142857142857,0.40264026402640263
2,CountVectorizer,KNeighbors,"{'n_neighbors': 5, 'algorithm': 'kd_tree'}",0.638,1.0726169999688864,1.2476205001585186,458.94140625,586.57421875,0.6285018270401949,0.900523560209424,0.7403156384505022,0.6815642458100558,0.2857142857142857,0.40264026402640263
2,CountVectorizer,KNeighbors,"{'n_neighbors': 5, 'algorithm': 'brute'}",0.638,1.0701377999503165,1.2332405999768525,458.87109375,587.1953125,0.6285018270401949,0.900523560209424,0.7403156384505022,0.6815642458100558,0.2857142857142857,0.40264026402640263
2,CountVectorizer,KNeighbors,"{'n_neighbors': 7, 'algorithm': 'ball_tree'}",0.621,1.064231300028041,1.2513247998431325,459.0390625,586.6484375,0.6152019002375297,0.9040139616055847,0.7321554770318022,0.6518987341772152,0.24121779859484777,0.35213675213675216
2,CountVectorizer,KNeighbors,"{'n_neighbors': 7, 'algorithm': 'kd_tree'}",0.621,1.0737622999586165,1.2402522000484169,459.06640625,590.74609375,0.6152019002375297,0.9040139616055847,0.7321554770318022,0.6518987341772152,0.24121779859484777,0.35213675213675216
2,CountVectorizer,KNeighbors,"{'n_neighbors': 7, 'algorithm': 'brute'}",0.621,1.077108999947086,1.2484313000459224,459.14453125,587.39453125,0.6152019002375297,0.9040139616055847,0.7321554770318022,0.6518987341772152,0.24121779859484777,0.35213675213675216
2,CountVectorizer,DecisionTree,"{'criterion': 'gini', 'max_features': 'sqrt'}",0.668,0.6876653998624533,1.8146661999635398,460.12890625,454.859375,0.7110332749562172,0.7085514834205934,0.7097902097902098,0.6107226107226107,0.6135831381733021,0.6121495327102804
2,CountVectorizer,DecisionTree,"{'criterion': 'gini', 'max_features': 'log2'}",0.596,0.7152180999983102,1.8142846999689937,459.625,455.1484375,0.6511627906976745,0.6352530541012217,0.6431095406360424,0.5260770975056689,0.5433255269320844,0.5345622119815668
2,CountVectorizer,DecisionTree,"{'criterion': 'gini', 'max_features': None}",0.711,1.6430041999556124,1.826242000097409,460.2734375,454.25390625,0.75,0.743455497382199,0.7467134092900964,0.6597222222222222,0.667447306791569,0.6635622817229336
2,CountVectorizer,DecisionTree,"{'criterion': 'entropy', 'max_features': 'sqrt'}",0.653,0.6902246999088675,1.81779529992491,460.3203125,454.9375,0.6996466431095406,0.6910994764397905,0.6953467954345918,0.5921658986175116,0.6018735362997658,0.5969802555168409
2,CountVectorizer,DecisionTree,"{'criterion': 'entropy', 'max_features': 'log2'}",0.614,0.6928104001563042,1.8067091999109834,459.6328125,455.12890625,0.6767485822306238,0.62478184991274,0.6497277676950998,0.5435244161358811,0.5995316159250585,0.5701559020044543
2,CountVectorizer,DecisionTree,"{'criterion': 'entropy', 'max_features': None}",0.706,1.4644861000124365,1.81468419986777,460.1875,454.28125,0.7409326424870466,0.7486910994764397,0.7447916666666666,0.6579572446555819,0.6487119437939111,0.6533018867924528
2,CountVectorizer,DecisionTree,"{'criterion': 'log_loss', 'max_features': 'sqrt'}",0.653,1.3787102000787854,1.859681500121951,460.484375,454.90625,0.6996466431095406,0.6910994764397905,0.6953467954345918,0.5921658986175116,0.6018735362997658,0.5969802555168409
2,CountVectorizer,DecisionTree,"{'criterion': 'log_loss', 'max_features': 'log2'}",0.614,0.7245589999947697,1.8484819000586867,460.421875,455.23046875,0.6767485822306238,0.62478184991274,0.6497277676950998,0.5435244161358811,0.5995316159250585,0.5701559020044543
2,CountVectorizer,DecisionTree,"{'criterion': 'log_loss', 'max_features': None}",0.706,1.4897198998369277,1.8405975000932813,460.27734375,454.35546875,0.7409326424870466,0.7486910994764397,0.7447916666666666,0.6579572446555819,0.6487119437939111,0.6533018867924528
2,CountVectorizer,GradientBoosting,"{'n_estimators': 100, 'criterion': 'friedman_mse'}",0.717,2.6077341998461634,1.8794271999504417,460.86328125,455.33984375,0.6912928759894459,0.9144851657940664,0.7873779113448535,0.7975206611570248,0.4519906323185012,0.5769805680119582
2,CountVectorizer,GradientBoosting,"{'n_estimators': 100, 'criterion': 'squared_error'}",0.717,2.675600699847564,1.9129765999969095,461.21875,455.6484375,0.6912928759894459,0.9144851657940664,0.7873779113448535,0.7975206611570248,0.4519906323185012,0.5769805680119582
2,CountVectorizer,GradientBoosting,"{'n_estimators': 150, 'criterion': 'friedman_mse'}",0.718,3.710223500151187,1.8243809000123292,461.36328125,455.5703125,0.6979591836734694,0.8952879581151832,0.7844036697247706,0.7735849056603774,0.48009367681498827,0.5924855491329479
2,CountVectorizer,GradientBoosting,"{'n_estimators': 150, 'criterion': 'squared_error'}",0.718,3.61009220010601,1.8461019999813288,461.375,455.1796875,0.6979591836734694,0.8952879581151832,0.7844036697247706,0.7735849056603774,0.48009367681498827,0.5924855491329479
2,CountVectorizer,GradientBoosting,"{'n_estimators': 200, 'criterion': 'friedman_mse'}",0.717,4.6714835001621395,1.8648830999154598,461.359375,455.26171875,0.6991758241758241,0.8883071553228621,0.7824750192159877,0.7647058823529411,0.48711943793911006,0.5951359084406295
2,CountVectorizer,GradientBoosting,"{'n_estimators': 200, 'criterion': 'squared_error'}",0.717,4.68486739997752,1.9255017000250518,461.25390625,455.4375,0.6991758241758241,0.8883071553228621,0.7824750192159877,0.7647058823529411,0.48711943793911006,0.5951359084406295
2,CountVectorizer,AdaBoost,"{'n_estimators': 50, 'learning_rate': 0.01}",0.652,1.0399718000553548,1.5628269999288023,460.48828125,455.0234375,0.6309662398137369,0.9458987783595113,0.7569832402234636,0.7801418439716312,0.2576112412177986,0.3873239436619718
2,CountVectorizer,AdaBoost,"{'n_estimators': 50, 'learning_rate': 0.1}",0.691,1.2116511999629438,2.1321628999430686,460.01953125,454.984375,0.6662468513853904,0.9232111692844677,0.7739575713240673,0.7864077669902912,0.3793911007025761,0.5118483412322274
2,CountVectorizer,AdaBoost,"{'n_estimators': 50, 'learning_rate': 1.0}",0.719,1.0739883999340236,1.4505215000826865,460.10546875,454.99609375,0.7115942028985507,0.8568935427574171,0.777513855898654,0.7354838709677419,0.5339578454332553,0.6187245590230664
2,CountVectorizer,AdaBoost,"{'n_estimators': 100, 'learning_rate': 0.01}",0.652,1.5638379000592977,1.5535966998431832,459.7890625,454.63671875,0.6309662398137369,0.9458987783595113,0.7569832402234636,0.7801418439716312,0.2576112412177986,0.3873239436619718
2,CountVectorizer,AdaBoost,"{'n_estimators': 100, 'learning_rate': 0.1}",0.704,1.5647652000188828,1.4836971999611706,459.9375,454.703125,0.6787096774193548,0.9179755671902269,0.7804154302670623,0.7911111111111111,0.4168618266978923,0.5460122699386503
2,CountVectorizer,AdaBoost,"{'n_estimators': 100, 'learning_rate': 1.0}",0.718,1.5398961999453604,1.4812340999487787,459.875,454.7265625,0.7221374045801526,0.8254799301919721,0.7703583061889251,0.7101449275362319,0.5737704918032787,0.6347150259067358
2,CountVectorizer,AdaBoost,"{'n_estimators': 150, 'learning_rate': 0.01}",0.661,2.0421325999777764,1.025272099999711,459.86328125,454.62890625,0.6382978723404256,0.9424083769633508,0.7610993657505285,0.7857142857142857,0.28337236533957844,0.4165232358003442
2,CountVectorizer,AdaBoost,"{'n_estimators': 150, 'learning_rate': 0.1}",0.71,2.01651220000349,1.0818006999325007,459.90625,454.73046875,0.6840052015604682,0.9179755671902269,0.7839046199701938,0.7965367965367965,0.4309133489461358,0.5592705167173252
2,CountVectorizer,AdaBoost,"{'n_estimators': 150, 'learning_rate': 1.0}",0.709,2.011566000059247,1.0130869999993593,459.76171875,454.7734375,0.719626168224299,0.806282722513089,0.7604938271604939,0.6899441340782123,0.5784543325526932,0.6292993630573248
2,CountVectorizer,SGD,"{'alpha': 0.0001, 'penalty': 'l2'}",0.683,1.1486379001289606,1.8708687000907958,459.9296875,454.63671875,0.7237762237762237,0.7225130890052356,0.7231441048034934,0.6285046728971962,0.629976580796253,0.6292397660818714
2,CountVectorizer,SGD,"{'alpha': 0.0001, 'penalty': 'l1'}",0.604,1.3483750000596046,2.105930400080979,460.09765625,454.64453125,0.6886993603411514,0.5636998254799301,0.6199616122840691,0.5291902071563088,0.65807962529274,0.5866388308977035
2,CountVectorizer,SGD,"{'alpha': 0.0001, 'penalty': 'elasticnet'}",0.689,1.2949147999752313,1.8373444001190364,459.93359375,454.5859375,0.7290209790209791,0.7277486910994765,0.7283842794759825,0.6355140186915887,0.6370023419203747,0.6362573099415205
2,CountVectorizer,SGD,"{'alpha': 0.001, 'penalty': 'l2'}",0.718,1.1224275000859052,1.828949399990961,459.87109375,454.59375,0.728414442700157,0.8097731239092496,0.7669421487603306,0.699724517906336,0.594847775175644,0.6430379746835443
2,CountVectorizer,SGD,"{'alpha': 0.001, 'penalty': 'l1'}",0.717,1.184774899855256,1.9635712001472712,459.87109375,454.59375,0.6964769647696477,0.8970331588132635,0.7841342486651411,0.7748091603053435,0.47540983606557374,0.5892597968069666
2,CountVectorizer,SGD,"{'alpha': 0.001, 'penalty': 'elasticnet'}",0.725,1.205733599839732,1.9019160999450833,459.95703125,454.5703125,0.717201166180758,0.8586387434554974,0.7815726767275616,0.7420382165605095,0.5456674473067916,0.6288798920377868
2,CountVectorizer,SGD,"{'alpha': 0.01, 'penalty': 'l2'}",0.71,1.1323733001481742,1.9249601000919938,459.93359375,454.65625,0.6904441453566622,0.8952879581151832,0.7796352583586627,0.7665369649805448,0.4613583138173302,0.5760233918128655
2,CountVectorizer,SGD,"{'alpha': 0.01, 'penalty': 'l1'}",0.666,1.156389000127092,1.909864000044763,459.97265625,454.65625,0.6491885143570537,0.9075043630017452,0.7569141193595342,0.7336683417085427,0.34192037470725994,0.46645367412140576
2,CountVectorizer,SGD,"{'alpha': 0.01, 'penalty': 'elasticnet'}",0.696,1.1782966000027955,1.8805056000128388,459.921875,454.66796875,0.6717752234993615,0.9179755671902269,0.775811209439528,0.783410138248848,0.3981264637002342,0.5279503105590062
3,TfidfVectorizer,RandomForest,"{'n_estimators': 50, 'criterion': 'gini'}",0.723,4.876993699930608,1.0248157000169158,454.66796875,397.25,0.7215568862275449,0.8411867364746946,0.7767929089443997,0.7259036144578314,0.5644028103044496,0.6350461133069829
3,TfidfVectorizer,RandomForest,"{'n_estimators': 50, 'criterion': 'entropy'}",0.718,4.780657900031656,1.0131896999664605,397.6796875,397.8671875,0.7130307467057101,0.849912739965096,0.7754777070063694,0.7287066246056783,0.5409836065573771,0.6209677419354839
3,TfidfVectorizer,RandomForest,"{'n_estimators': 50, 'criterion': 'log_loss'}",0.718,4.774295500013977,1.0226155000273138,398.0,398.03515625,0.7130307467057101,0.849912739965096,0.7754777070063694,0.7287066246056783,0.5409836065573771,0.6209677419354839
3,TfidfVectorizer,RandomForest,"{'n_estimators': 100, 'criterion': 'gini'}",0.728,9.185829799855128,1.06005740002729,423.2734375,423.3125,0.7249626307922272,0.8464223385689355,0.7809983896940419,0.7341389728096677,0.5690866510538641,0.6411609498680739
3,TfidfVectorizer,RandomForest,"{'n_estimators': 100, 'criterion': 'entropy'}",0.718,9.121421899879351,1.067332899896428,423.375,423.515625,0.7155555555555555,0.8429319371727748,0.7740384615384616,0.7230769230769231,0.550351288056206,0.625
3,TfidfVectorizer,RandomForest,"{'n_estimators': 100, 'criterion': 'log_loss'}",0.718,9.022622900083661,1.0587625000625849,423.06640625,420.671875,0.7155555555555555,0.8429319371727748,0.7740384615384616,0.7230769230769231,0.550351288056206,0.625
3,TfidfVectorizer,RandomForest,"{'n_estimators': 150, 'criterion': 'gini'}",0.724,13.474429100053385,1.1208983000833541,449.26953125,446.16796875,0.7213114754098361,0.8446771378708552,0.7781350482315113,0.729483282674772,0.5620608899297423,0.6349206349206349
3,TfidfVectorizer,RandomForest,"{'n_estimators': 150, 'criterion': 'entropy'}",0.73,13.028270799899474,1.1307143999729306,448.5234375,448.76953125,0.7271364317841079,0.8464223385689355,0.782258064516129,0.7357357357357357,0.5737704918032787,0.6447368421052632
3,TfidfVectorizer,RandomForest,"{'n_estimators': 150, 'criterion': 'log_loss'}",0.73,13.387045100098476,1.0989075999241322,448.54296875,448.76953125,0.7271364317841079,0.8464223385689355,0.782258064516129,0.7357357357357357,0.5737704918032787,0.6447368421052632
3,TfidfVectorizer,SVC,"{'C': 0.1, 'kernel': 'linear'}",0.687,5.429297300055623,0.9496154000516981,658.3671875,456.0234375,0.6620947630922693,0.9267015706806283,0.7723636363636364,0.7878787878787878,0.36533957845433257,0.4992
3,TfidfVectorizer,SVC,"{'C': 0.1, 'kernel': 'rbf'}",0.605,6.167957899859175,1.1206310999114066,658.1484375,455.9375,0.5938818565400844,0.9825479930191972,0.740302432610125,0.8076923076923077,0.09836065573770492,0.17536534446764093
3,TfidfVectorizer,SVC,"{'C': 0.1, 'kernel': 'sigmoid'}",0.686,5.651918499963358,0.9495391000527889,656.3203125,456.0234375,0.6612702366127023,0.9267015706806283,0.7718023255813954,0.7868020304568528,0.3629976580796253,0.4967948717948718
3,TfidfVectorizer,SVC,"{'C': 1, 'kernel': 'linear'}",0.705,4.849851799895987,0.8488394001033157,686.375,455.37109375,0.7278688524590164,0.774869109947644,0.7506339814032121,0.6692307692307692,0.6112412177985949,0.6389228886168911
3,TfidfVectorizer,SVC,"{'C': 1, 'kernel': 'rbf'}",0.732,7.470604500034824,1.076540700159967,684.0390625,457.42578125,0.7272727272727273,0.8516579406631762,0.7845659163987139,0.7416413373860182,0.5714285714285714,0.6455026455026455
3,TfidfVectorizer,SVC,"{'C': 1, 'kernel': 'sigmoid'}",0.699,4.851694100070745,0.8590716000180691,668.546875,455.47265625,0.7193548387096774,0.7783595113438045,0.7476948868398994,0.6657894736842105,0.5925058548009368,0.6270136307311028
3,TfidfVectorizer,SVC,"{'C': 10, 'kernel': 'linear'}",0.664,8.381409299792722,0.8216299000196159,671.1328125,455.80859375,0.7309941520467836,0.6544502617801047,0.6906077348066298,0.5934291581108829,0.6768149882903981,0.6323851203501094
3,TfidfVectorizer,SVC,"{'C': 10, 'kernel': 'rbf'}",0.715,13.767216099891812,1.0954855000600219,673.84765625,455.97265625,0.7345276872964169,0.787085514834206,0.7598989048020219,0.6839378238341969,0.6182669789227166,0.6494464944649446
3,TfidfVectorizer,SVC,"{'C': 10, 'kernel': 'sigmoid'}",0.635,6.029819099931046,0.7432389000896364,641.38671875,455.9453125,0.7203389830508474,0.5933682373472949,0.6507177033492823,0.5587121212121212,0.6908665105386417,0.6178010471204188
3,TfidfVectorizer,MultinomialNB,{'alpha': 0.01},0.674,1.1265330000314862,1.814935800153762,452.01171875,445.89453125,0.7407407407407407,0.6631762652705061,0.6998158379373849,0.6036960985626283,0.6885245901639344,0.6433260393873085
3,TfidfVectorizer,MultinomialNB,{'alpha': 0.1},0.692,1.1371632001828402,1.8987291001249105,451.48828125,445.96875,0.7495291902071564,0.6945898778359512,0.7210144927536232,0.6268656716417911,0.6885245901639344,0.65625
3,TfidfVectorizer,MultinomialNB,{'alpha': 1.0},0.72,1.0851755000185221,1.8594706999137998,451.06640625,445.6640625,0.7209653092006033,0.8342059336823735,0.7734627831715211,0.7181008902077152,0.5667447306791569,0.6335078534031413
3,TfidfVectorizer,LogisticRegression,"{'C': 0.1, 'penalty': 'l2'}",0.69,1.1740233001764864,1.8669861999806017,454.92578125,445.34375,0.6679438058748404,0.912739965095986,0.7713864306784661,0.7695852534562212,0.3911007025761124,0.5186335403726708
3,TfidfVectorizer,LogisticRegression,"{'C': 1, 'penalty': 'l2'}",0.723,1.2976619000546634,1.868864000076428,454.921875,445.30078125,0.7262996941896025,0.8289703315881326,0.7742461287693562,0.7167630057803468,0.5807962529274004,0.6416558861578266
3,TfidfVectorizer,LogisticRegression,"{'C': 10, 'penalty': 'l2'}",0.698,1.2281122000422329,1.884796999860555,454.98046875,445.375,0.7332185886402753,0.743455497382199,0.7383015597920277,0.649164677804296,0.6370023419203747,0.6430260047281324
3,TfidfVectorizer,KNeighbors,"{'n_neighbors': 3, 'algorithm': 'ball_tree'}",0.591,1.120971400057897,1.2352523999288678,450.8125,584.3203125,0.5852390852390852,0.9825479930191972,0.7335504885993486,0.7368421052631579,0.06557377049180328,0.12043010752688173
3,TfidfVectorizer,KNeighbors,"{'n_neighbors': 3, 'algorithm': 'kd_tree'}",0.591,1.1603201997932047,1.2361053000204265,450.5546875,583.765625,0.5852390852390852,0.9825479930191972,0.7335504885993486,0.7368421052631579,0.06557377049180328,0.12043010752688173
3,TfidfVectorizer,KNeighbors,"{'n_neighbors': 3, 'algorithm': 'brute'}",0.591,1.2127749000210315,1.3127109999768436,450.671875,567.90234375,0.5852390852390852,0.9825479930191972,0.7335504885993486,0.7368421052631579,0.06557377049180328,0.12043010752688173
3,TfidfVectorizer,KNeighbors,"{'n_neighbors': 5, 'algorithm': 'ball_tree'}",0.584,1.129757600137964,1.2530509000644088,450.5625,569.828125,0.5801838610827375,0.9912739965095986,0.7319587628865979,0.7619047619047619,0.03747072599531616,0.07142857142857142
3,TfidfVectorizer,KNeighbors,"{'n_neighbors': 5, 'algorithm': 'kd_tree'}",0.584,1.0926280000712723,1.2004268001765013,450.296875,577.51171875,0.5801838610827375,0.9912739965095986,0.7319587628865979,0.7619047619047619,0.03747072599531616,0.07142857142857142
3,TfidfVectorizer,KNeighbors,"{'n_neighbors': 5, 'algorithm': 'brute'}",0.584,1.125747000100091,1.2766730000730604,450.546875,579.74609375,0.5801838610827375,0.9912739965095986,0.7319587628865979,0.7619047619047619,0.03747072599531616,0.07142857142857142
3,TfidfVectorizer,KNeighbors,"{'n_neighbors': 7, 'algorithm': 'ball_tree'}",0.578,1.1892766000237316,1.268287899903953,450.5390625,580.3828125,0.5766497461928934,0.9912739965095986,0.7291399229781772,0.6666666666666666,0.0234192037470726,0.04524886877828054
3,TfidfVectorizer,KNeighbors,"{'n_neighbors': 7, 'algorithm': 'kd_tree'}",0.578,1.1368319001048803,1.2838495001196861,450.3203125,573.3046875,0.5766497461928934,0.9912739965095986,0.7291399229781772,0.6666666666666666,0.0234192037470726,0.04524886877828054
3,TfidfVectorizer,KNeighbors,"{'n_neighbors': 7, 'algorithm': 'brute'}",0.578,1.1498096000868827,1.2943406999111176,450.5390625,572.21875,0.5766497461928934,0.9912739965095986,0.7291399229781772,0.6666666666666666,0.0234192037470726,0.04524886877828054
3,TfidfVectorizer,DecisionTree,"{'criterion': 'gini', 'max_features': 'sqrt'}",0.647,0.7730378000997007,1.906895900145173,451.49609375,445.96875,0.680327868852459,0.7242582897033158,0.7016060862214708,0.5948717948717949,0.5433255269320844,0.5679314565483476
3,TfidfVectorizer,DecisionTree,"{'criterion': 'gini', 'max_features': 'log2'}",0.572,0.7172725000418723,1.8473470001481473,451.30859375,446.30859375,0.6476578411405295,0.5549738219895288,0.5977443609022557,0.49901768172888017,0.594847775175644,0.5427350427350427
3,TfidfVectorizer,DecisionTree,"{'criterion': 'gini', 'max_features': None}",0.671,1.7826618999242783,1.8772820001468062,451.05078125,445.4609375,0.7103448275862069,0.7190226876090751,0.7146574154379879,0.6166666666666667,0.6065573770491803,0.6115702479338843
3,TfidfVectorizer,DecisionTree,"{'criterion': 'entropy', 'max_features': 'sqrt'}",0.675,0.8024750000331551,2.0314716000575572,451.328125,446.046875,0.7246376811594203,0.6980802792321117,0.7111111111111111,0.6138392857142857,0.6440281030444965,0.6285714285714286
3,TfidfVectorizer,DecisionTree,"{'criterion': 'entropy', 'max_features': 'log2'}",0.612,1.312346899881959,2.030775099992752,451.63671875,446.296875,0.648,0.7068062827225131,0.676126878130217,0.552,0.4847775175644028,0.516209476309227
3,TfidfVectorizer,DecisionTree,"{'criterion': 'entropy', 'max_features': None}",0.666,1.7748303001280874,2.0130845999810845,451.2265625,445.4375,0.7063903281519862,0.7137870855148342,0.7100694444444444,0.6104513064133017,0.6018735362997658,0.6061320754716981
3,TfidfVectorizer,DecisionTree,"{'criterion': 'log_loss', 'max_features': 'sqrt'}",0.675,1.4849687998648733,1.9991341999266297,451.59765625,446.07421875,0.7246376811594203,0.6980802792321117,0.7111111111111111,0.6138392857142857,0.6440281030444965,0.6285714285714286
3,TfidfVectorizer,DecisionTree,"{'criterion': 'log_loss', 'max_features': 'log2'}",0.612,1.3974229998420924,2.044133699964732,451.87890625,446.234375,0.648,0.7068062827225131,0.676126878130217,0.552,0.4847775175644028,0.516209476309227
3,TfidfVectorizer,DecisionTree,"{'criterion': 'log_loss', 'max_features': None}",0.666,1.739245899952948,1.8395676999352872,451.18359375,445.6171875,0.7063903281519862,0.7137870855148342,0.7100694444444444,0.6104513064133017,0.6018735362997658,0.6061320754716981
3,TfidfVectorizer,GradientBoosting,"{'n_estimators': 100, 'criterion': 'friedman_mse'}",0.715,4.129641700070351,1.9228797000832856,451.609375,446.421875,0.6894736842105263,0.9144851657940664,0.7861965491372843,0.7958333333333333,0.44730679156908665,0.5727136431784108
3,TfidfVectorizer,GradientBoosting,"{'n_estimators': 100, 'criterion': 'squared_error'}",0.715,4.174721600022167,1.895795000018552,451.71484375,446.40234375,0.6894736842105263,0.9144851657940664,0.7861965491372843,0.7958333333333333,0.44730679156908665,0.5727136431784108
3,TfidfVectorizer,GradientBoosting,"{'n_estimators': 150, 'criterion': 'friedman_mse'}",0.712,5.744419599883258,1.9068079001735896,451.82421875,446.81640625,0.6917900403768507,0.8970331588132635,0.7811550151975684,0.7704280155642024,0.4637002341920375,0.5789473684210527
3,TfidfVectorizer,GradientBoosting,"{'n_estimators': 150, 'criterion': 'squared_error'}",0.712,5.686063200002536,1.8842724999412894,451.80859375,446.66015625,0.6917900403768507,0.8970331588132635,0.7811550151975684,0.7704280155642024,0.4637002341920375,0.5789473684210527
3,TfidfVectorizer,GradientBoosting,"{'n_estimators': 200, 'criterion': 'friedman_mse'}",0.715,7.298249299870804,1.822408099891618,451.3359375,446.59375,0.6945945945945946,0.8970331588132635,0.7829398324447829,0.7730769230769231,0.4707259953161593,0.5851528384279476
3,TfidfVectorizer,GradientBoosting,"{'n_estimators': 200, 'criterion': 'squared_error'}",0.715,7.156146300025284,1.8092547999694943,451.81640625,446.703125,0.6945945945945946,0.8970331588132635,0.7829398324447829,0.7730769230769231,0.4707259953161593,0.5851528384279476
3,TfidfVectorizer,AdaBoost,"{'n_estimators': 50, 'learning_rate': 0.01}",0.651,1.296479200012982,1.3932392001152039,450.8984375,446.640625,0.6299303944315545,0.9476439790575916,0.756794425087108,0.782608695652174,0.2529274004683841,0.3823008849557522
3,TfidfVectorizer,AdaBoost,"{'n_estimators': 50, 'learning_rate': 0.1}",0.689,1.2983905000146478,1.8266173000447452,451.2421875,446.46484375,0.6641604010025063,0.924956369982548,0.7731582786287381,0.7871287128712872,0.37236533957845436,0.505564387917329
3,TfidfVectorizer,AdaBoost,"{'n_estimators': 50, 'learning_rate': 1.0}",0.702,1.2905586000997573,1.844797199824825,450.58984375,446.21484375,0.697274031563845,0.8481675392670157,0.7653543307086614,0.7128712871287128,0.5058548009367682,0.5917808219178082
3,TfidfVectorizer,AdaBoost,"{'n_estimators': 100, 'learning_rate': 0.01}",0.651,2.0557345000561327,0.9662884999997914,450.890625,445.91015625,0.6299303944315545,0.9476439790575916,0.756794425087108,0.782608695652174,0.2529274004683841,0.3823008849557522
3,TfidfVectorizer,AdaBoost,"{'n_estimators': 100, 'learning_rate': 0.1}",0.701,2.067059100139886,0.9677142000291497,450.73828125,445.875,0.6751918158567775,0.9214659685863874,0.7793357933579336,0.7935779816513762,0.405152224824356,0.5364341085271318
3,TfidfVectorizer,AdaBoost,"{'n_estimators': 100, 'learning_rate': 1.0}",0.71,2.050715599907562,1.4307295000180602,450.48046875,446.03125,0.7187017001545595,0.8115183246073299,0.7622950819672131,0.6940509915014165,0.5737704918032787,0.6282051282051282
3,TfidfVectorizer,AdaBoost,"{'n_estimators': 150, 'learning_rate': 0.01}",0.66,2.824371400056407,0.9760088999755681,450.63671875,449.55078125,0.6372202591283863,0.944153577661431,0.7609001406469761,0.7880794701986755,0.2786885245901639,0.4117647058823529
3,TfidfVectorizer,AdaBoost,"{'n_estimators': 150, 'learning_rate': 0.1}",0.704,2.818441500188783,0.9794805001001805,450.75,449.63671875,0.6796368352788587,0.9144851657940664,0.7797619047619048,0.7860262008733624,0.4215456674473068,0.5487804878048781
3,TfidfVectorizer,AdaBoost,"{'n_estimators': 150, 'learning_rate': 1.0}",0.71,2.846948799910024,0.987318100174889,450.76953125,449.63671875,0.7193798449612403,0.8097731239092496,0.7619047619047619,0.6929577464788732,0.5761124121779859,0.629156010230179
3,TfidfVectorizer,SGD,"{'alpha': 0.0001, 'penalty': 'l2'}",0.703,1.0891654000151902,1.8184344999026507,450.72265625,445.71875,0.7284768211920529,0.7678883071553229,0.7476635514018691,0.6641414141414141,0.6159250585480094,0.6391251518833536
3,TfidfVectorizer,SGD,"{'alpha': 0.0001, 'penalty': 'l1'}",0.722,1.109535199822858,1.8095956998877227,450.59765625,445.734375,0.7251908396946565,0.8289703315881326,0.7736156351791531,0.7159420289855073,0.5784543325526932,0.6398963730569949
3,TfidfVectorizer,SGD,"{'alpha': 0.0001, 'penalty': 'elasticnet'}",0.716,1.1496077000629157,1.8135530999861658,450.70703125,445.734375,0.7334410339256866,0.7923211169284468,0.761744966442953,0.6876640419947506,0.6135831381733021,0.6485148514851485
3,TfidfVectorizer,SGD,"{'alpha': 0.001, 'penalty': 'l2'}",0.69,1.0861039999872446,1.8023533001542091,450.72265625,445.796875,0.6654088050314465,0.9232111692844677,0.7733918128654971,0.7853658536585366,0.3770491803278688,0.509493670886076
3,TfidfVectorizer,SGD,"{'alpha': 0.001, 'penalty': 'l1'}",0.688,1.0906926998868585,1.810666099889204,450.6640625,445.70703125,0.6649810366624526,0.9179755671902269,0.7712609970674487,0.7751196172248804,0.3793911007025761,0.5094339622641509
3,TfidfVectorizer,SGD,"{'alpha': 0.001, 'penalty': 'elasticnet'}",0.688,1.097083699889481,1.8030640999786556,450.6953125,445.79296875,0.6609124537607891,0.9354275741710296,0.7745664739884393,0.8042328042328042,0.3559718969555035,0.4935064935064935
3,TfidfVectorizer,SGD,"{'alpha': 0.01, 'penalty': 'l2'}",0.574,1.0828208001330495,1.8106082000304013,450.77734375,445.73046875,0.5735735735735735,1.0,0.7290076335877863,1.0,0.00234192037470726,0.004672897196261682
3,TfidfVectorizer,SGD,"{'alpha': 0.01, 'penalty': 'l1'}",0.573,1.0780292998533696,1.8240542998537421,450.734375,445.79296875,0.573,1.0,0.7285441830896376,0.0,0.0,0.0
3,TfidfVectorizer,SGD,"{'alpha': 0.01, 'penalty': 'elasticnet'}",0.573,1.0781163000501692,1.7957846999634057,450.70703125,445.79296875,0.573,1.0,0.7285441830896376,0.0,0.0,0.0
3,CountVectorizer,RandomForest,"{'n_estimators': 50, 'criterion': 'gini'}",0.732,5.308267100015655,1.4355453001335263,445.79296875,398.734375,0.7495908346972177,0.7993019197207679,0.7736486486486487,0.7043701799485861,0.6416861826697893,0.6715686274509803
3,CountVectorizer,RandomForest,"{'n_estimators': 50, 'criterion': 'entropy'}",0.734,5.118676799815148,0.9773822999559343,400.5625,400.66796875,0.7440381558028617,0.8167539267015707,0.778702163061564,0.7169811320754716,0.6229508196721312,0.6666666666666666
3,CountVectorizer,RandomForest,"{'n_estimators': 50, 'criterion': 'log_loss'}",0.734,5.132759900065139,1.4315207998733968,400.97265625,398.3828125,0.7440381558028617,0.8167539267015707,0.778702163061564,0.7169811320754716,0.6229508196721312,0.6666666666666666
3,CountVectorizer,RandomForest,"{'n_estimators': 100, 'criterion': 'gini'}",0.733,10.167098900070414,1.019897200167179,430.91015625,427.98046875,0.7524752475247525,0.7958115183246073,0.7735368956743003,0.7030456852791879,0.6487119437939111,0.6747868453105969
3,CountVectorizer,RandomForest,"{'n_estimators': 100, 'criterion': 'entropy'}",0.733,9.682299900101498,1.0115408999845386,429.30078125,429.40234375,0.7508196721311475,0.7993019197207679,0.7743026204564666,0.7051282051282052,0.6440281030444965,0.6731946144430845
3,CountVectorizer,RandomForest,"{'n_estimators': 100, 'criterion': 'log_loss'}",0.733,9.808356499997899,1.0606627999804914,429.64453125,429.64453125,0.7508196721311475,0.7993019197207679,0.7743026204564666,0.7051282051282052,0.6440281030444965,0.6731946144430845
3,CountVectorizer,RandomForest,"{'n_estimators': 150, 'criterion': 'gini'}",0.741,14.99195530009456,1.098016900010407,459.09375,459.23046875,0.7625418060200669,0.7958115183246073,0.7788215200683177,0.7089552238805971,0.667447306791569,0.6875753920386007
3,CountVectorizer,RandomForest,"{'n_estimators': 150, 'criterion': 'entropy'}",0.734,14.365498300176114,1.110282100038603,457.828125,455.10546875,0.7528830313014827,0.7975567190226877,0.7745762711864407,0.7048346055979644,0.6487119437939111,0.675609756097561
3,CountVectorizer,RandomForest,"{'n_estimators': 150, 'criterion': 'log_loss'}",0.734,14.355275799985975,1.0578606000635773,457.77734375,455.1640625,0.7528830313014827,0.7975567190226877,0.7745762711864407,0.7048346055979644,0.6487119437939111,0.675609756097561
3,CountVectorizer,SVC,"{'C': 0.1, 'kernel': 'linear'}",0.718,4.545894500100985,0.7948728001210839,691.7421875,466.37890625,0.7248840803709428,0.8184991273996509,0.7688524590163934,0.7053824362606232,0.5831381733021077,0.6384615384615384
3,CountVectorizer,SVC,"{'C': 0.1, 'kernel': 'rbf'}",0.643,5.790159299969673,1.0730123000685126,667.12109375,467.23046875,0.6227272727272727,0.956369982547993,0.7543014452856159,0.7916666666666666,0.2224824355971897,0.3473491773308958
3,CountVectorizer,SVC,"{'C': 0.1, 'kernel': 'sigmoid'}",0.652,5.00490040006116,0.8926116998773068,664.66796875,466.81640625,0.7142857142857143,0.6544502617801047,0.6830601092896175,0.5831578947368421,0.6487119437939111,0.614190687361419
3,CountVectorizer,SVC,"{'C': 1, 'kernel': 'linear'}",0.684,5.627401900012046,0.7910334998741746,700.8203125,465.88671875,0.7290552584670231,0.7137870855148342,0.7213403880070547,0.6264236902050114,0.6440281030444965,0.6351039260969977
3,CountVectorizer,SVC,"{'C': 1, 'kernel': 'rbf'}",0.723,5.754847100004554,1.042717200005427,705.5625,466.46875,0.7144927536231884,0.8603839441535777,0.7806809184481394,0.7419354838709677,0.5386416861826698,0.6241519674355496
3,CountVectorizer,SVC,"{'C': 1, 'kernel': 'sigmoid'}",0.646,3.378519400022924,0.7261624000966549,599.01171875,466.0,0.7085714285714285,0.6492146596858639,0.6775956284153005,0.5768421052631579,0.6416861826697893,0.6075388026607539
3,CountVectorizer,SVC,"{'C': 10, 'kernel': 'linear'}",0.631,6.752606800058857,0.7274559999350458,692.4453125,465.390625,0.6902985074626866,0.6457242582897034,0.6672678088367899,0.5625,0.6112412177985949,0.5858585858585859
3,CountVectorizer,SVC,"{'C': 10, 'kernel': 'rbf'}",0.692,11.764832600019872,1.0790897000115365,689.52734375,467.3984375,0.7106518282988871,0.7801047120418848,0.7437603993344426,0.660377358490566,0.5737704918032787,0.6140350877192983
3,CountVectorizer,SVC,"{'C': 10, 'kernel': 'sigmoid'}",0.63,2.9156853000167757,1.3855705000460148,579.015625,464.79296875,0.6963249516441006,0.6282722513089005,0.6605504587155964,0.5590062111801242,0.6323185011709602,0.5934065934065934
3,CountVectorizer,MultinomialNB,{'alpha': 0.01},0.674,1.1279428999405354,1.8968867999501526,461.8671875,454.4921875,0.7622080679405521,0.6265270506108203,0.6877394636015326,0.5954631379962193,0.7377049180327869,0.6589958158995816
3,CountVectorizer,MultinomialNB,{'alpha': 0.1},0.687,1.1280620000325143,1.91088299988769,460.0078125,454.5703125,0.7801724137931034,0.631762652705061,0.6981677917068466,0.6063432835820896,0.7611241217798594,0.6749740394600208
3,CountVectorizer,MultinomialNB,{'alpha': 1.0},0.705,1.1280666999518871,1.8993007000535727,461.5,454.54296875,0.7791164658634538,0.6771378708551483,0.7245564892623716,0.6314741035856574,0.7423887587822015,0.682454251883746
3,CountVectorizer,LogisticRegression,"{'C': 0.1, 'penalty': 'l2'}",0.722,1.2958289999514818,1.9013202001806349,464.96875,454.28515625,0.7218045112781954,0.837696335078534,0.7754442649434572,0.7223880597014926,0.5667447306791569,0.6351706036745407
3,CountVectorizer,LogisticRegression,"{'C': 1, 'penalty': 'l2'}",0.701,0.9140206999145448,1.8890267999377102,464.30859375,454.29296875,0.7216828478964401,0.7783595113438045,0.7489504617968094,0.6675392670157068,0.5971896955503513,0.630407911001236
3,CountVectorizer,LogisticRegression,"{'C': 10, 'penalty': 'l2'}",0.685,0.8930573998950422,1.907589300069958,464.37109375,454.2734375,0.727112676056338,0.7207678883071553,0.7239263803680982,0.6296296296296297,0.6370023419203747,0.6332945285215367
3,CountVectorizer,KNeighbors,"{'n_neighbors': 3, 'algorithm': 'ball_tree'}",0.643,1.1170876000542194,1.263004600070417,460.37890625,587.47265625,0.6391752577319587,0.8656195462478184,0.7353595255744997,0.65625,0.3442622950819672,0.45161290322580644
3,CountVectorizer,KNeighbors,"{'n_neighbors': 3, 'algorithm': 'kd_tree'}",0.643,1.0674874999094754,1.3069064000155777,460.14453125,586.51953125,0.6391752577319587,0.8656195462478184,0.7353595255744997,0.65625,0.3442622950819672,0.45161290322580644
3,CountVectorizer,KNeighbors,"{'n_neighbors': 3, 'algorithm': 'brute'}",0.643,1.1162639001850039,1.275663899956271,460.3359375,578.484375,0.6391752577319587,0.8656195462478184,0.7353595255744997,0.65625,0.3442622950819672,0.45161290322580644
3,CountVectorizer,KNeighbors,"{'n_neighbors': 5, 'algorithm': 'ball_tree'}",0.638,1.065657600061968,1.2381782000884414,453.34765625,570.26171875,0.6285018270401949,0.900523560209424,0.7403156384505022,0.6815642458100558,0.2857142857142857,0.40264026402640263
3,CountVectorizer,KNeighbors,"{'n_neighbors': 5, 'algorithm': 'kd_tree'}",0.638,1.0631214000750333,1.2351218000985682,453.203125,581.12890625,0.6285018270401949,0.900523560209424,0.7403156384505022,0.6815642458100558,0.2857142857142857,0.40264026402640263
3,CountVectorizer,KNeighbors,"{'n_neighbors': 5, 'algorithm': 'brute'}",0.638,1.0656924000941217,1.2415293999947608,452.890625,586.5546875,0.6285018270401949,0.900523560209424,0.7403156384505022,0.6815642458100558,0.2857142857142857,0.40264026402640263
3,CountVectorizer,KNeighbors,"{'n_neighbors': 7, 'algorithm': 'ball_tree'}",0.621,1.0628518001176417,1.2370337001048028,453.109375,581.93359375,0.6152019002375297,0.9040139616055847,0.7321554770318022,0.6518987341772152,0.24121779859484777,0.35213675213675216
3,CountVectorizer,KNeighbors,"{'n_neighbors': 7, 'algorithm': 'kd_tree'}",0.621,1.059867100091651,1.2422752000857145,453.12890625,580.19140625,0.6152019002375297,0.9040139616055847,0.7321554770318022,0.6518987341772152,0.24121779859484777,0.35213675213675216
3,CountVectorizer,KNeighbors,"{'n_neighbors': 7, 'algorithm': 'brute'}",0.621,1.0675813001580536,1.2419278998859227,453.15234375,586.16796875,0.6152019002375297,0.9040139616055847,0.7321554770318022,0.6518987341772152,0.24121779859484777,0.35213675213675216
3,CountVectorizer,DecisionTree,"{'criterion': 'gini', 'max_features': 'sqrt'}",0.653,0.6800172000657767,1.8084237999282777,454.23046875,447.6484375,0.7047101449275363,0.6788830715532286,0.6915555555555556,0.5892857142857143,0.6182669789227166,0.6034285714285714
3,CountVectorizer,DecisionTree,"{'criterion': 'gini', 'max_features': 'log2'}",0.637,0.6946779999416322,1.8149593998678029,453.11328125,447.92578125,0.6804123711340206,0.6910994764397905,0.6857142857142857,0.5765550239234449,0.5644028103044496,0.570414201183432
3,CountVectorizer,DecisionTree,"{'criterion': 'gini', 'max_features': None}",0.691,1.6219887998886406,1.8042135001160204,454.0859375,447.12109375,0.7382671480144405,0.7137870855148342,0.7258207630878438,0.6322869955156951,0.6604215456674473,0.6460481099656358
3,CountVectorizer,DecisionTree,"{'criterion': 'entropy', 'max_features': 'sqrt'}",0.629,0.6797865000553429,1.8096237999852747,453.87890625,447.77734375,0.6759581881533101,0.6771378708551483,0.6765475152571927,0.5657276995305164,0.5644028103044496,0.5650644783118406
3,CountVectorizer,DecisionTree,"{'criterion': 'entropy', 'max_features': 'log2'}",0.635,0.7053960000630468,1.8065631999634206,453.66015625,447.96484375,0.6843971631205674,0.6736474694589878,0.6789797713280563,0.5711009174311926,0.5831381733021077,0.5770567786790266
3,CountVectorizer,DecisionTree,"{'criterion': 'entropy', 'max_features': None}",0.703,1.4168314998969436,1.8123389999382198,454.01171875,447.15234375,0.7277227722772277,0.7696335078534031,0.7480916030534351,0.6649746192893401,0.6135831381733021,0.6382460414129111
3,CountVectorizer,DecisionTree,"{'criterion': 'log_loss', 'max_features': 'sqrt'}",0.629,0.6791111000347883,1.8218080000951886,454.390625,447.79296875,0.6759581881533101,0.6771378708551483,0.6765475152571927,0.5657276995305164,0.5644028103044496,0.5650644783118406
3,CountVectorizer,DecisionTree,"{'criterion': 'log_loss', 'max_features': 'log2'}",0.635,0.7017595001962036,1.8156787001062185,453.2578125,448.02734375,0.6843971631205674,0.6736474694589878,0.6789797713280563,0.5711009174311926,0.5831381733021077,0.5770567786790266
3,CountVectorizer,DecisionTree,"{'criterion': 'log_loss', 'max_features': None}",0.703,1.4076336999423802,1.8183271999005228,454.19140625,447.1484375,0.7277227722772277,0.7696335078534031,0.7480916030534351,0.6649746192893401,0.6135831381733021,0.6382460414129111
3,CountVectorizer,GradientBoosting,"{'n_estimators': 100, 'criterion': 'friedman_mse'}",0.716,2.5518867999780923,1.8201011000201106,454.36328125,447.9921875,0.6908850726552179,0.912739965095986,0.7864661654135339,0.7942386831275721,0.4519906323185012,0.5761194029850746
3,CountVectorizer,GradientBoosting,"{'n_estimators': 100, 'criterion': 'squared_error'}",0.716,2.552044800017029,1.8183416998945177,454.8671875,447.94140625,0.6908850726552179,0.912739965095986,0.7864661654135339,0.7942386831275721,0.4519906323185012,0.5761194029850746
3,CountVectorizer,GradientBoosting,"{'n_estimators': 150, 'criterion': 'friedman_mse'}",0.716,3.561890200013295,1.8139013999607414,454.6953125,448.30859375,0.6944818304172274,0.900523560209424,0.78419452887538,0.7782101167315175,0.468384074941452,0.5847953216374269
3,CountVectorizer,GradientBoosting,"{'n_estimators': 150, 'criterion': 'squared_error'}",0.716,3.5439771998208016,1.8188015001360327,454.93359375,447.94921875,0.6944818304172274,0.900523560209424,0.78419452887538,0.7782101167315175,0.468384074941452,0.5847953216374269
3,CountVectorizer,GradientBoosting,"{'n_estimators': 200, 'criterion': 'friedman_mse'}",0.721,4.594418100081384,1.906094599980861,454.7109375,447.859375,0.7013698630136986,0.893542757417103,0.7858787413660783,0.774074074074074,0.4894613583138173,0.599713055954089
3,CountVectorizer,GradientBoosting,"{'n_estimators': 200, 'criterion': 'squared_error'}",0.721,4.565106100169942,1.8046790000516921,454.93359375,447.859375,0.7013698630136986,0.893542757417103,0.7858787413660783,0.774074074074074,0.4894613583138173,0.599713055954089
3,CountVectorizer,AdaBoost,"{'n_estimators': 50, 'learning_rate': 0.01}",0.652,1.0115686999633908,1.3921916000545025,453.98046875,447.6875,0.6309662398137369,0.9458987783595113,0.7569832402234636,0.7801418439716312,0.2576112412177986,0.3873239436619718
3,CountVectorizer,AdaBoost,"{'n_estimators': 50, 'learning_rate': 0.1}",0.691,1.0070034000091255,1.3968636998906732,454.265625,447.69140625,0.6662468513853904,0.9232111692844677,0.7739575713240673,0.7864077669902912,0.3793911007025761,0.5118483412322274
3,CountVectorizer,AdaBoost,"{'n_estimators': 50, 'learning_rate': 1.0}",0.719,0.996783799957484,1.8440396999940276,453.9375,447.6953125,0.7115942028985507,0.8568935427574171,0.777513855898654,0.7354838709677419,0.5339578454332553,0.6187245590230664
3,CountVectorizer,AdaBoost,"{'n_estimators': 100, 'learning_rate': 0.01}",0.652,1.4849606999196112,0.9661115000490099,453.51953125,447.484375,0.6309662398137369,0.9458987783595113,0.7569832402234636,0.7801418439716312,0.2576112412177986,0.3873239436619718
3,CountVectorizer,AdaBoost,"{'n_estimators': 100, 'learning_rate': 0.1}",0.704,1.4807040998712182,0.9680623998865485,453.2109375,447.48046875,0.6787096774193548,0.9179755671902269,0.7804154302670623,0.7911111111111111,0.4168618266978923,0.5460122699386503
3,CountVectorizer,AdaBoost,"{'n_estimators': 100, 'learning_rate': 1.0}",0.718,1.4822266998235136,0.9539451999589801,453.6171875,447.48046875,0.7221374045801526,0.8254799301919721,0.7703583061889251,0.7101449275362319,0.5737704918032787,0.6347150259067358
3,CountVectorizer,AdaBoost,"{'n_estimators': 150, 'learning_rate': 0.01}",0.661,1.9518101001158357,1.468176299938932,453.41796875,447.48828125,0.6382978723404256,0.9424083769633508,0.7610993657505285,0.7857142857142857,0.28337236533957844,0.4165232358003442
3,CountVectorizer,AdaBoost,"{'n_estimators': 150, 'learning_rate': 0.1}",0.71,1.9452158999629319,0.9823799999430776,453.37109375,451.20703125,0.6840052015604682,0.9179755671902269,0.7839046199701938,0.7965367965367965,0.4309133489461358,0.5592705167173252
3,CountVectorizer,AdaBoost,"{'n_estimators': 150, 'learning_rate': 1.0}",0.709,1.9814666998572648,1.0242914999835193,453.36328125,447.49609375,0.719626168224299,0.806282722513089,0.7604938271604939,0.6899441340782123,0.5784543325526932,0.6292993630573248
3,CountVectorizer,SGD,"{'alpha': 0.0001, 'penalty': 'l2'}",0.687,1.159235900035128,1.8751580999232829,453.80859375,447.4296875,0.7389705882352942,0.7015706806282722,0.7197851387645479,0.625,0.667447306791569,0.6455266138165345
3,CountVectorizer,SGD,"{'alpha': 0.0001, 'penalty': 'l1'}",0.691,1.2915067998692393,1.8892850999254733,453.80859375,447.4296875,0.7178217821782178,0.7591623036649214,0.7379134860050891,0.649746192893401,0.5995316159250585,0.6236297198538368
3,CountVectorizer,SGD,"{'alpha': 0.0001, 'penalty': 'elasticnet'}",0.683,1.2631163001060486,1.869114600121975,453.80859375,447.4296875,0.7318840579710145,0.7050610820244329,0.7182222222222222,0.6227678571428571,0.6533957845433255,0.6377142857142857
3,CountVectorizer,SGD,"{'alpha': 0.001, 'penalty': 'l2'}",0.718,1.1506262999027967,1.8831667001359165,453.96484375,447.421875,0.7269890795631825,0.8132635253054101,0.7677100494233937,0.7019498607242339,0.5901639344262295,0.6412213740458015
3,CountVectorizer,SGD,"{'alpha': 0.001, 'penalty': 'l1'}",0.709,1.1155224000103772,1.8896665000356734,453.8359375,447.4375,0.6942148760330579,0.8795811518324608,0.7759815242494227,0.7481751824817519,0.48009367681498827,0.5848787446504993
3,CountVectorizer,SGD,"{'alpha': 0.001, 'penalty': 'elasticnet'}",0.722,1.2142077998723835,1.9034382998943329,453.83203125,447.3828125,0.7159590043923866,0.8534031413612565,0.7786624203821656,0.7350157728706624,0.5456674473067916,0.6263440860215054
3,CountVectorizer,SGD,"{'alpha': 0.01, 'penalty': 'l2'}",0.708,1.1331095998175442,1.8011986000929028,453.765625,447.3828125,0.6870838881491345,0.900523560209424,0.7794561933534743,0.7710843373493976,0.4496487119437939,0.5680473372781065
3,CountVectorizer,SGD,"{'alpha': 0.01, 'penalty': 'l1'}",0.667,1.097883699927479,1.8255335001740605,453.890625,447.29296875,0.65,0.9075043630017452,0.7574654042243263,0.735,0.3442622950819672,0.4688995215311005
3,CountVectorizer,SGD,"{'alpha': 0.01, 'penalty': 'elasticnet'}",0.697,1.159207999939099,1.8845021999441087,453.6875,447.30859375,0.6721938775510204,0.9197207678883071,0.7767133382461312,0.7870370370370371,0.3981264637002342,0.5287713841368584
5,TfidfVectorizer,RandomForest,"{'n_estimators': 50, 'criterion': 'gini'}",0.736,4.775124600157142,0.9688431001268327,447.30859375,394.22265625,0.7282127031019202,0.8603839441535777,0.7888,0.7523219814241486,0.5690866510538641,0.648
5,TfidfVectorizer,RandomForest,"{'n_estimators': 50, 'criterion': 'entropy'}",0.721,4.707060800166801,1.500118700088933,394.21875,391.2421875,0.71875,0.8429319371727748,0.7759036144578313,0.725609756097561,0.5573770491803278,0.6304635761589404
5,TfidfVectorizer,RandomForest,"{'n_estimators': 50, 'criterion': 'log_loss'}",0.721,4.684468099847436,1.0171560999006033,393.75,393.8515625,0.71875,0.8429319371727748,0.7759036144578313,0.725609756097561,0.5573770491803278,0.6304635761589404
5,TfidfVectorizer,RandomForest,"{'n_estimators': 100, 'criterion': 'gini'}",0.727,9.026880000019446,1.0552109000273049,419.671875,419.69921875,0.7212389380530974,0.8534031413612565,0.7817745803357314,0.7391304347826086,0.5573770491803278,0.6355140186915887
5,TfidfVectorizer,RandomForest,"{'n_estimators': 100, 'criterion': 'entropy'}",0.715,8.852076199837029,1.069690299918875,419.37109375,419.37109375,0.7130177514792899,0.8411867364746946,0.7718174539631706,0.7191358024691358,0.5456674473067916,0.6205059920106525
5,TfidfVectorizer,RandomForest,"{'n_estimators': 100, 'criterion': 'log_loss'}",0.715,8.702630799962208,1.0889691000338644,419.64453125,416.75,0.7130177514792899,0.8411867364746946,0.7718174539631706,0.7191358024691358,0.5456674473067916,0.6205059920106525
5,TfidfVectorizer,RandomForest,"{'n_estimators': 150, 'criterion': 'gini'}",0.726,13.290997500065714,1.103948300005868,446.390625,446.40234375,0.718887262079063,0.8568935427574171,0.7818471337579618,0.7413249211356467,0.550351288056206,0.6317204301075269
5,TfidfVectorizer,RandomForest,"{'n_estimators': 150, 'criterion': 'entropy'}",0.713,12.99801789992489,1.1322292000986636,444.30078125,444.48046875,0.7096774193548387,0.8446771378708552,0.7713147410358566,0.720125786163522,0.5362997658079626,0.614765100671141
5,TfidfVectorizer,RandomForest,"{'n_estimators': 150, 'criterion': 'log_loss'}",0.713,12.920399599941447,1.1232326000463217,444.55078125,441.97265625,0.7096774193548387,0.8446771378708552,0.7713147410358566,0.720125786163522,0.5362997658079626,0.614765100671141
5,TfidfVectorizer,SVC,"{'C': 0.1, 'kernel': 'linear'}",0.687,5.399082199903205,0.9388910999987274,654.63671875,452.48828125,0.6620947630922693,0.9267015706806283,0.7723636363636364,0.7878787878787878,0.36533957845433257,0.4992
5,TfidfVectorizer,SVC,"{'C': 0.1, 'kernel': 'rbf'}",0.605,6.035373899852857,1.1241450000088662,654.13671875,452.47265625,0.5938818565400844,0.9825479930191972,0.740302432610125,0.8076923076923077,0.09836065573770492,0.17536534446764093
5,TfidfVectorizer,SVC,"{'C': 0.1, 'kernel': 'sigmoid'}",0.686,5.604453899897635,0.9358252000529319,652.44140625,452.26171875,0.6612702366127023,0.9267015706806283,0.7718023255813954,0.7868020304568528,0.3629976580796253,0.4967948717948718
5,TfidfVectorizer,SVC,"{'C': 1, 'kernel': 'linear'}",0.705,4.820165100041777,0.8690979001112282,681.0546875,451.41796875,0.7278688524590164,0.774869109947644,0.7506339814032121,0.6692307692307692,0.6112412177985949,0.6389228886168911
5,TfidfVectorizer,SVC,"{'C': 1, 'kernel': 'rbf'}",0.732,7.394396400079131,1.054657399887219,680.5390625,451.47265625,0.7272727272727273,0.8516579406631762,0.7845659163987139,0.7416413373860182,0.5714285714285714,0.6455026455026455
5,TfidfVectorizer,SVC,"{'C': 1, 'kernel': 'sigmoid'}",0.699,4.784593000076711,0.8244898999109864,664.87890625,452.48828125,0.7193548387096774,0.7783595113438045,0.7476948868398994,0.6657894736842105,0.5925058548009368,0.6270136307311028
5,TfidfVectorizer,SVC,"{'C': 10, 'kernel': 'linear'}",0.664,8.227206900017336,0.8075912001077086,668.37890625,452.20703125,0.7309941520467836,0.6544502617801047,0.6906077348066298,0.5934291581108829,0.6768149882903981,0.6323851203501094
5,TfidfVectorizer,SVC,"{'C': 10, 'kernel': 'rbf'}",0.715,13.616674500051886,1.0924062000121921,670.19921875,452.32421875,0.7345276872964169,0.787085514834206,0.7598989048020219,0.6839378238341969,0.6182669789227166,0.6494464944649446
5,TfidfVectorizer,SVC,"{'C': 10, 'kernel': 'sigmoid'}",0.635,6.0118684999179095,0.734908299986273,637.51171875,451.26171875,0.7203389830508474,0.5933682373472949,0.6507177033492823,0.5587121212121212,0.6908665105386417,0.6178010471204188
5,TfidfVectorizer,MultinomialNB,{'alpha': 0.01},0.674,1.056911600055173,1.8099515000358224,447.99609375,441.40625,0.7407407407407407,0.6631762652705061,0.6998158379373849,0.6036960985626283,0.6885245901639344,0.6433260393873085
5,TfidfVectorizer,MultinomialNB,{'alpha': 0.1},0.692,1.0670120001304895,1.8000761000439525,447.21484375,441.578125,0.7495291902071564,0.6945898778359512,0.7210144927536232,0.6268656716417911,0.6885245901639344,0.65625
5,TfidfVectorizer,MultinomialNB,{'alpha': 1.0},0.72,1.0721806997898966,1.8028484999667853,446.8203125,441.23046875,0.7209653092006033,0.8342059336823735,0.7734627831715211,0.7181008902077152,0.5667447306791569,0.6335078534031413
5,TfidfVectorizer,LogisticRegression,"{'C': 0.1, 'penalty': 'l2'}",0.69,1.0916480000596493,1.8061681999824941,450.95703125,440.89453125,0.6679438058748404,0.912739965095986,0.7713864306784661,0.7695852534562212,0.3911007025761124,0.5186335403726708
5,TfidfVectorizer,LogisticRegression,"{'C': 1, 'penalty': 'l2'}",0.723,1.155562900006771,1.7930625001899898,450.59765625,440.8984375,0.7262996941896025,0.8289703315881326,0.7742461287693562,0.7167630057803468,0.5807962529274004,0.6416558861578266
5,TfidfVectorizer,LogisticRegression,"{'C': 10, 'penalty': 'l2'}",0.698,1.189562600106001,1.808960699941963,450.65625,440.765625,0.7332185886402753,0.743455497382199,0.7383015597920277,0.649164677804296,0.6370023419203747,0.6430260047281324
5,TfidfVectorizer,KNeighbors,"{'n_neighbors': 3, 'algorithm': 'ball_tree'}",0.591,1.0645530000329018,1.2040023000445217,446.671875,579.1796875,0.5852390852390852,0.9825479930191972,0.7335504885993486,0.7368421052631579,0.06557377049180328,0.12043010752688173
5,TfidfVectorizer,KNeighbors,"{'n_neighbors': 3, 'algorithm': 'kd_tree'}",0.591,1.0764130998868495,1.1990431000012904,446.34375,577.47265625,0.5852390852390852,0.9825479930191972,0.7335504885993486,0.7368421052631579,0.06557377049180328,0.12043010752688173
5,TfidfVectorizer,KNeighbors,"{'n_neighbors': 3, 'algorithm': 'brute'}",0.591,1.0669058999046683,1.2270330002065748,446.6875,559.796875,0.5852390852390852,0.9825479930191972,0.7335504885993486,0.7368421052631579,0.06557377049180328,0.12043010752688173
5,TfidfVectorizer,KNeighbors,"{'n_neighbors': 5, 'algorithm': 'ball_tree'}",0.584,1.064638099865988,1.1885945999529213,446.515625,579.21484375,0.5801838610827375,0.9912739965095986,0.7319587628865979,0.7619047619047619,0.03747072599531616,0.07142857142857142
5,TfidfVectorizer,KNeighbors,"{'n_neighbors': 5, 'algorithm': 'kd_tree'}",0.584,1.0683849998749793,1.197870299918577,446.74609375,576.02734375,0.5801838610827375,0.9912739965095986,0.7319587628865979,0.7619047619047619,0.03747072599531616,0.07142857142857142
5,TfidfVectorizer,KNeighbors,"{'n_neighbors': 5, 'algorithm': 'brute'}",0.584,1.0648777999449521,1.191885800100863,446.46875,555.78125,0.5801838610827375,0.9912739965095986,0.7319587628865979,0.7619047619047619,0.03747072599531616,0.07142857142857142
5,TfidfVectorizer,KNeighbors,"{'n_neighbors': 7, 'algorithm': 'ball_tree'}",0.578,1.0770972999744117,1.1917499001137912,446.49609375,563.9765625,0.5766497461928934,0.9912739965095986,0.7291399229781772,0.6666666666666666,0.0234192037470726,0.04524886877828054
5,TfidfVectorizer,KNeighbors,"{'n_neighbors': 7, 'algorithm': 'kd_tree'}",0.578,1.0711266999132931,1.1892180000431836,446.671875,573.84375,0.5766497461928934,0.9912739965095986,0.7291399229781772,0.6666666666666666,0.0234192037470726,0.04524886877828054
5,TfidfVectorizer,KNeighbors,"{'n_neighbors': 7, 'algorithm': 'brute'}",0.578,1.0725229000672698,1.1887447000481188,446.62109375,557.76171875,0.5766497461928934,0.9912739965095986,0.7291399229781772,0.6666666666666666,0.0234192037470726,0.04524886877828054
5,TfidfVectorizer,DecisionTree,"{'criterion': 'gini', 'max_features': 'sqrt'}",0.656,1.3141050001140684,1.8053023999091238,447.296875,441.61328125,0.7085610200364298,0.6788830715532286,0.6934046345811051,0.5920177383592018,0.6252927400468384,0.6082004555808656
5,TfidfVectorizer,DecisionTree,"{'criterion': 'gini', 'max_features': 'log2'}",0.65,1.325876799877733,1.8113313999492675,447.4609375,442.0703125,0.684297520661157,0.7225130890052356,0.7028862478777589,0.5974683544303797,0.5526932084309133,0.5742092457420924
5,TfidfVectorizer,DecisionTree,"{'criterion': 'gini', 'max_features': None}",0.668,1.7893432001583278,1.8023874000646174,446.8359375,441.14453125,0.7066895368782161,0.7190226876090751,0.71280276816609,0.6139088729016786,0.5995316159250585,0.6066350710900474
5,TfidfVectorizer,DecisionTree,"{'criterion': 'entropy', 'max_features': 'sqrt'}",0.634,1.3171558999456465,1.8088691998273134,447.38671875,441.69140625,0.681260945709282,0.6788830715532286,0.6800699300699301,0.5710955710955711,0.5737704918032787,0.572429906542056
5,TfidfVectorizer,DecisionTree,"{'criterion': 'entropy', 'max_features': 'log2'}",0.594,1.2788796001113951,1.8103090999647975,447.47265625,441.9375,0.6290571870170015,0.7102966841186736,0.6672131147540984,0.5297450424929179,0.4379391100702576,0.4794871794871795
5,TfidfVectorizer,DecisionTree,"{'criterion': 'entropy', 'max_features': None}",0.638,1.6780262000393122,1.8040078999474645,446.73828125,441.10546875,0.6950092421441775,0.6561954624781849,0.6750448833034112,0.5708061002178649,0.6135831381733021,0.5914221218961625
5,TfidfVectorizer,DecisionTree,"{'criterion': 'log_loss', 'max_features': 'sqrt'}",0.634,1.3268148000352085,1.795216399943456,447.34765625,441.765625,0.681260945709282,0.6788830715532286,0.6800699300699301,0.5710955710955711,0.5737704918032787,0.572429906542056
5,TfidfVectorizer,DecisionTree,"{'criterion': 'log_loss', 'max_features': 'log2'}",0.594,1.2712635998614132,1.8172181998379529,447.58203125,441.92578125,0.6290571870170015,0.7102966841186736,0.6672131147540984,0.5297450424929179,0.4379391100702576,0.4794871794871795
5,TfidfVectorizer,DecisionTree,"{'criterion': 'log_loss', 'max_features': None}",0.638,1.6881474000401795,1.811797099886462,446.6953125,441.16796875,0.6950092421441775,0.6561954624781849,0.6750448833034112,0.5708061002178649,0.6135831381733021,0.5914221218961625
5,TfidfVectorizer,GradientBoosting,"{'n_estimators': 100, 'criterion': 'friedman_mse'}",0.711,3.900683600222692,1.8114366000518203,447.19921875,442.03515625,0.6868421052631579,0.9109947643979057,0.7831957989497375,0.7875,0.4426229508196721,0.5667166416791605
5,TfidfVectorizer,GradientBoosting,"{'n_estimators': 100, 'criterion': 'squared_error'}",0.711,3.881499100010842,1.8169597999658436,447.6484375,441.9140625,0.6868421052631579,0.9109947643979057,0.7831957989497375,0.7875,0.4426229508196721,0.5667166416791605
5,TfidfVectorizer,GradientBoosting,"{'n_estimators': 150, 'criterion': 'friedman_mse'}",0.714,5.661373999901116,1.907472399994731,447.50390625,442.58984375,0.6910785619174434,0.9057591623036649,0.783987915407855,0.7831325301204819,0.4566744730679157,0.5769230769230769
5,TfidfVectorizer,GradientBoosting,"{'n_estimators': 150, 'criterion': 'squared_error'}",0.714,5.664120799861848,1.8696610999759287,448.03125,442.27734375,0.6910785619174434,0.9057591623036649,0.783987915407855,0.7831325301204819,0.4566744730679157,0.5769230769230769
5,TfidfVectorizer,GradientBoosting,"{'n_estimators': 200, 'criterion': 'friedman_mse'}",0.712,7.38544959994033,1.8918329000007361,447.59765625,442.68359375,0.6949384404924761,0.8865619546247818,0.7791411042944786,0.758364312267658,0.477751756440281,0.5862068965517241
5,TfidfVectorizer,GradientBoosting,"{'n_estimators': 200, 'criterion': 'squared_error'}",0.712,7.258201800053939,1.812681799987331,448.05859375,442.703125,0.6949384404924761,0.8865619546247818,0.7791411042944786,0.758364312267658,0.477751756440281,0.5862068965517241
5,TfidfVectorizer,AdaBoost,"{'n_estimators': 50, 'learning_rate': 0.01}",0.651,1.2966529000550508,1.8327850000932813,446.95703125,442.2109375,0.6299303944315545,0.9476439790575916,0.756794425087108,0.782608695652174,0.2529274004683841,0.3823008849557522
5,TfidfVectorizer,AdaBoost,"{'n_estimators': 50, 'learning_rate': 0.1}",0.689,1.3051094999536872,1.8342903999146074,447.28125,442.2734375,0.6641604010025063,0.924956369982548,0.7731582786287381,0.7871287128712872,0.37236533957845436,0.505564387917329
5,TfidfVectorizer,AdaBoost,"{'n_estimators': 50, 'learning_rate': 1.0}",0.702,1.3004596000537276,1.391418700106442,447.4609375,442.0625,0.697274031563845,0.8481675392670157,0.7653543307086614,0.7128712871287128,0.5058548009367682,0.5917808219178082
5,TfidfVectorizer,AdaBoost,"{'n_estimators': 100, 'learning_rate': 0.01}",0.651,2.0727860999759287,1.4240073999390006,447.2890625,442.07421875,0.6299303944315545,0.9476439790575916,0.756794425087108,0.782608695652174,0.2529274004683841,0.3823008849557522
5,TfidfVectorizer,AdaBoost,"{'n_estimators': 100, 'learning_rate': 0.1}",0.701,2.0582922999747097,1.4356201998889446,447.38671875,442.03515625,0.6751918158567775,0.9214659685863874,0.7793357933579336,0.7935779816513762,0.405152224824356,0.5364341085271318
5,TfidfVectorizer,AdaBoost,"{'n_estimators': 100, 'learning_rate': 1.0}",0.71,2.052703899797052,1.4168599999975413,447.13671875,442.09765625,0.7187017001545595,0.8115183246073299,0.7622950819672131,0.6940509915014165,0.5737704918032787,0.6282051282051282
5,TfidfVectorizer,AdaBoost,"{'n_estimators': 150, 'learning_rate': 0.01}",0.66,2.830981200095266,0.9771187999285758,447.18359375,445.6171875,0.6372202591283863,0.944153577661431,0.7609001406469761,0.7880794701986755,0.2786885245901639,0.4117647058823529
5,TfidfVectorizer,AdaBoost,"{'n_estimators': 150, 'learning_rate': 0.1}",0.704,2.814603300066665,1.4412469000089914,447.40625,441.9921875,0.6796368352788587,0.9144851657940664,0.7797619047619048,0.7860262008733624,0.4215456674473068,0.5487804878048781
5,TfidfVectorizer,AdaBoost,"{'n_estimators': 150, 'learning_rate': 1.0}",0.71,2.8097372001502663,0.9846546000335366,447.2265625,445.42578125,0.7193798449612403,0.8097731239092496,0.7619047619047619,0.6929577464788732,0.5761124121779859,0.629156010230179
5,TfidfVectorizer,SGD,"{'alpha': 0.0001, 'penalty': 'l2'}",0.704,1.1014358000829816,1.8104706997983158,447.41015625,441.70703125,0.7289256198347107,0.7696335078534031,0.7487266553480475,0.6658227848101266,0.6159250585480094,0.6399026763990268
5,TfidfVectorizer,SGD,"{'alpha': 0.0001, 'penalty': 'l1'}",0.715,1.1062087998725474,1.7991732999216765,446.76953125,441.73046875,0.7099125364431487,0.849912739965096,0.7736298649722002,0.7261146496815286,0.5339578454332553,0.6153846153846154
5,TfidfVectorizer,SGD,"{'alpha': 0.0001, 'penalty': 'elasticnet'}",0.718,1.145079999929294,1.813209499930963,446.79296875,441.59765625,0.7328,0.7993019197207679,0.7646076794657763,0.6933333333333334,0.6088992974238876,0.6483790523690773
5,TfidfVectorizer,SGD,"{'alpha': 0.001, 'penalty': 'l2'}",0.688,1.0781039001885802,1.8056202000007033,446.734375,441.66796875,0.6637390213299874,0.9232111692844677,0.7722627737226277,0.7832512315270936,0.37236533957845436,0.5047619047619047
5,TfidfVectorizer,SGD,"{'alpha': 0.001, 'penalty': 'l1'}",0.688,1.0796176998410374,1.8006198999937624,446.73046875,441.66796875,0.6641509433962264,0.9214659685863874,0.7719298245614035,0.7804878048780488,0.3747072599531616,0.5063291139240507
5,TfidfVectorizer,SGD,"{'alpha': 0.001, 'penalty': 'elasticnet'}",0.688,1.0910174001473933,1.7983758999034762,446.73046875,441.66796875,0.6609124537607891,0.9354275741710296,0.7745664739884393,0.8042328042328042,0.3559718969555035,0.4935064935064935
5,TfidfVectorizer,SGD,"{'alpha': 0.01, 'penalty': 'l2'}",0.574,1.0726954999845475,1.8021547999233007,446.82421875,441.671875,0.5735735735735735,1.0,0.7290076335877863,1.0,0.00234192037470726,0.004672897196261682
5,TfidfVectorizer,SGD,"{'alpha': 0.01, 'penalty': 'l1'}",0.578,1.0878532000351697,1.8035478999372572,446.82421875,441.734375,0.5760322255790534,0.9982547993019197,0.7305236270753512,0.8571428571428571,0.01405152224824356,0.027649769585253458
5,TfidfVectorizer,SGD,"{'alpha': 0.01, 'penalty': 'elasticnet'}",0.573,1.0794854999985546,1.8084086999297142,446.80859375,441.734375,0.573,1.0,0.7285441830896376,0.0,0.0,0.0
5,CountVectorizer,RandomForest,"{'n_estimators': 50, 'criterion': 'gini'}",0.724,5.313552599865943,1.447550700046122,441.734375,395.7265625,0.7547169811320755,0.7678883071553229,0.7612456747404844,0.6810551558752997,0.6651053864168618,0.6729857819905213
5,CountVectorizer,RandomForest,"{'n_estimators': 50, 'criterion': 'entropy'}",0.72,5.1426952998153865,1.4300033999606967,397.2890625,397.61328125,0.7366720516962844,0.7958115183246073,0.7651006711409396,0.6929133858267716,0.6182669789227166,0.6534653465346535
5,CountVectorizer,RandomForest,"{'n_estimators': 50, 'criterion': 'log_loss'}",0.72,5.160852300003171,0.972299300134182,397.71484375,397.71484375,0.7366720516962844,0.7958115183246073,0.7651006711409396,0.6929133858267716,0.6182669789227166,0.6534653465346535
5,CountVectorizer,RandomForest,"{'n_estimators': 100, 'criterion': 'gini'}",0.723,9.987977899843827,1.021191000007093,426.671875,423.74609375,0.7517006802721088,0.7713787085514834,0.7614125753660638,0.6820388349514563,0.65807962529274,0.6698450536352801
5,CountVectorizer,RandomForest,"{'n_estimators': 100, 'criterion': 'entropy'}",0.731,9.787295000161976,1.0245757000520825,426.41796875,426.43359375,0.747557003257329,0.8010471204188482,0.7733782645324347,0.7046632124352331,0.6370023419203747,0.6691266912669127
5,CountVectorizer,RandomForest,"{'n_estimators': 100, 'criterion': 'log_loss'}",0.731,9.973524800036103,1.0655672000721097,426.18359375,426.1875,0.747557003257329,0.8010471204188482,0.7733782645324347,0.7046632124352331,0.6370023419203747,0.6691266912669127
5,CountVectorizer,RandomForest,"{'n_estimators': 150, 'criterion': 'gini'}",0.734,14.886626800056547,1.0531398998573422,455.296875,455.4296875,0.7623931623931623,0.7783595113438045,0.770293609671848,0.6939759036144578,0.6744730679156908,0.684085510688836
5,CountVectorizer,RandomForest,"{'n_estimators': 150, 'criterion': 'entropy'}",0.73,14.491834300104529,1.0903489000629634,454.94921875,451.8046875,0.7479541734860884,0.7975567190226877,0.7719594594594594,0.7017994858611826,0.639344262295082,0.6691176470588235
5,CountVectorizer,RandomForest,"{'n_estimators': 150, 'criterion': 'log_loss'}",0.73,14.556427100207657,1.1074373999144882,454.74609375,451.73046875,0.7479541734860884,0.7975567190226877,0.7719594594594594,0.7017994858611826,0.639344262295082,0.6691176470588235
5,CountVectorizer,SVC,"{'C': 0.1, 'kernel': 'linear'}",0.718,4.60485600004904,0.8250331000890583,683.35546875,462.77734375,0.7248840803709428,0.8184991273996509,0.7688524590163934,0.7053824362606232,0.5831381733021077,0.6384615384615384
5,CountVectorizer,SVC,"{'C': 0.1, 'kernel': 'rbf'}",0.643,5.762641599867493,1.0675961999222636,664.1953125,463.43359375,0.6227272727272727,0.956369982547993,0.7543014452856159,0.7916666666666666,0.2224824355971897,0.3473491773308958
5,CountVectorizer,SVC,"{'C': 0.1, 'kernel': 'sigmoid'}",0.652,4.963343200040981,0.8698670000303537,661.4921875,463.44140625,0.7142857142857143,0.6544502617801047,0.6830601092896175,0.5831578947368421,0.6487119437939111,0.614190687361419
5,CountVectorizer,SVC,"{'C': 1, 'kernel': 'linear'}",0.684,5.536357800010592,0.7774565999861807,697.72265625,462.83203125,0.7290552584670231,0.7137870855148342,0.7213403880070547,0.6264236902050114,0.6440281030444965,0.6351039260969977
5,CountVectorizer,SVC,"{'C': 1, 'kernel': 'rbf'}",0.723,5.540763300145045,1.0179528999142349,696.15234375,463.4296875,0.7144927536231884,0.8603839441535777,0.7806809184481394,0.7419354838709677,0.5386416861826698,0.6241519674355496
5,CountVectorizer,SVC,"{'C': 1, 'kernel': 'sigmoid'}",0.646,3.291266300017014,0.7117582999635488,598.765625,462.37890625,0.7085714285714285,0.6492146596858639,0.6775956284153005,0.5768421052631579,0.6416861826697893,0.6075388026607539
5,CountVectorizer,SVC,"{'C': 10, 'kernel': 'linear'}",0.631,6.71799230016768,0.7393679998349398,689.39453125,462.23046875,0.6902985074626866,0.6457242582897034,0.6672678088367899,0.5625,0.6112412177985949,0.5858585858585859
5,CountVectorizer,SVC,"{'C': 10, 'kernel': 'rbf'}",0.692,11.698092200094834,1.040464699966833,686.0703125,463.90625,0.7106518282988871,0.7801047120418848,0.7437603993344426,0.660377358490566,0.5737704918032787,0.6140350877192983
5,CountVectorizer,SVC,"{'C': 10, 'kernel': 'sigmoid'}",0.63,2.851604300085455,1.3380257999524474,569.95703125,461.1484375,0.6963249516441006,0.6282722513089005,0.6605504587155964,0.5590062111801242,0.6323185011709602,0.5934065934065934
5,CountVectorizer,MultinomialNB,{'alpha': 0.01},0.674,1.0796350000891834,1.8262875000946224,457.66015625,451.484375,0.7622080679405521,0.6265270506108203,0.6877394636015326,0.5954631379962193,0.7377049180327869,0.6589958158995816
5,CountVectorizer,MultinomialNB,{'alpha': 0.1},0.687,1.068192900158465,1.8081213000696152,456.58984375,451.38671875,0.7801724137931034,0.631762652705061,0.6981677917068466,0.6063432835820896,0.7611241217798594,0.6749740394600208
5,CountVectorizer,MultinomialNB,{'alpha': 1.0},0.705,1.0639834001194686,1.816175599815324,456.609375,451.3359375,0.7791164658634538,0.6771378708551483,0.7245564892623716,0.6314741035856574,0.7423887587822015,0.682454251883746
5,CountVectorizer,LogisticRegression,"{'C': 0.1, 'penalty': 'l2'}",0.722,1.1917665998917073,1.8034049000125378,461.03125,450.9921875,0.7218045112781954,0.837696335078534,0.7754442649434572,0.7223880597014926,0.5667447306791569,0.6351706036745407
5,CountVectorizer,LogisticRegression,"{'C': 1, 'penalty': 'l2'}",0.701,0.6855699999723583,1.8195615999866277,460.859375,451.0390625,0.7216828478964401,0.7783595113438045,0.7489504617968094,0.6675392670157068,0.5971896955503513,0.630407911001236
5,CountVectorizer,LogisticRegression,"{'C': 10, 'penalty': 'l2'}",0.685,0.7882542998995632,1.8076321999542415,460.76171875,450.98046875,0.727112676056338,0.7207678883071553,0.7239263803680982,0.6296296296296297,0.6370023419203747,0.6332945285215367
5,CountVectorizer,KNeighbors,"{'n_neighbors': 3, 'algorithm': 'ball_tree'}",0.643,1.0736193000338972,1.2241418999619782,456.8828125,570.73046875,0.6391752577319587,0.8656195462478184,0.7353595255744997,0.65625,0.3442622950819672,0.45161290322580644
5,CountVectorizer,KNeighbors,"{'n_neighbors': 3, 'algorithm': 'kd_tree'}",0.643,1.0552401999011636,1.2380228999536484,456.50390625,590.44140625,0.6391752577319587,0.8656195462478184,0.7353595255744997,0.65625,0.3442622950819672,0.45161290322580644
5,CountVectorizer,KNeighbors,"{'n_neighbors': 3, 'algorithm': 'brute'}",0.643,1.0699094000738114,1.2412148001603782,456.3984375,573.23046875,0.6391752577319587,0.8656195462478184,0.7353595255744997,0.65625,0.3442622950819672,0.45161290322580644
5,CountVectorizer,KNeighbors,"{'n_neighbors': 5, 'algorithm': 'ball_tree'}",0.638,1.062482399865985,1.2457272000610828,456.6328125,565.953125,0.6285018270401949,0.900523560209424,0.7403156384505022,0.6815642458100558,0.2857142857142857,0.40264026402640263
5,CountVectorizer,KNeighbors,"{'n_neighbors': 5, 'algorithm': 'kd_tree'}",0.638,1.070756800007075,1.2458812000695616,456.5625,586.63671875,0.6285018270401949,0.900523560209424,0.7403156384505022,0.6815642458100558,0.2857142857142857,0.40264026402640263
5,CountVectorizer,KNeighbors,"{'n_neighbors': 5, 'algorithm': 'brute'}",0.638,1.070736100198701,1.2380919998977333,456.5,581.2734375,0.6285018270401949,0.900523560209424,0.7403156384505022,0.6815642458100558,0.2857142857142857,0.40264026402640263
5,CountVectorizer,KNeighbors,"{'n_neighbors': 7, 'algorithm': 'ball_tree'}",0.621,1.0678606999572366,1.2352837999351323,456.5078125,587.93359375,0.6152019002375297,0.9040139616055847,0.7321554770318022,0.6518987341772152,0.24121779859484777,0.35213675213675216
5,CountVectorizer,KNeighbors,"{'n_neighbors': 7, 'algorithm': 'kd_tree'}",0.621,1.0627646001521498,1.295763900037855,456.609375,590.74609375,0.6152019002375297,0.9040139616055847,0.7321554770318022,0.6518987341772152,0.24121779859484777,0.35213675213675216
5,CountVectorizer,KNeighbors,"{'n_neighbors': 7, 'algorithm': 'brute'}",0.621,1.0586807001382113,1.2382871001027524,456.5390625,588.60546875,0.6152019002375297,0.9040139616055847,0.7321554770318022,0.6518987341772152,0.24121779859484777,0.35213675213675216
5,CountVectorizer,DecisionTree,"{'criterion': 'gini', 'max_features': 'sqrt'}",0.675,0.678774599917233,1.815136899938807,457.78515625,451.3828125,0.7130584192439863,0.7242582897033158,0.7186147186147186,0.6220095693779905,0.6088992974238876,0.6153846153846154
5,CountVectorizer,DecisionTree,"{'criterion': 'gini', 'max_features': 'log2'}",0.613,0.7132559998426586,1.8114232998341322,457.37890625,451.83203125,0.658703071672355,0.6736474694589878,0.6660914581535806,0.5483091787439613,0.531615925058548,0.539833531510107
5,CountVectorizer,DecisionTree,"{'criterion': 'gini', 'max_features': None}",0.709,1.5828740000724792,1.8042815001681447,457.57421875,450.94921875,0.7508896797153025,0.7364746945898778,0.7436123348017621,0.6552511415525114,0.6721311475409836,0.6635838150289017
5,CountVectorizer,DecisionTree,"{'criterion': 'entropy', 'max_features': 'sqrt'}",0.597,0.6848045999649912,1.8044620999135077,457.7421875,451.5234375,0.6615969581749049,0.6073298429319371,0.6333030027297544,0.5253164556962026,0.5831381733021077,0.5527192008879024
5,CountVectorizer,DecisionTree,"{'criterion': 'entropy', 'max_features': 'log2'}",0.637,0.701735699782148,1.8070158001501113,457.33203125,451.83984375,0.6835664335664335,0.6823734729493892,0.6829694323144104,0.5747663551401869,0.5761124121779859,0.5754385964912281
5,CountVectorizer,DecisionTree,"{'criterion': 'entropy', 'max_features': None}",0.693,1.4521385000552982,1.8062442000955343,457.3984375,450.87890625,0.7427007299270073,0.7102966841186736,0.7261373773416593,0.6327433628318584,0.6697892271662763,0.6507394766780432
5,CountVectorizer,DecisionTree,"{'criterion': 'log_loss', 'max_features': 'sqrt'}",0.597,0.7089309999719262,1.8166904000099748,457.765625,451.51953125,0.6615969581749049,0.6073298429319371,0.6333030027297544,0.5253164556962026,0.5831381733021077,0.5527192008879024
5,CountVectorizer,DecisionTree,"{'criterion': 'log_loss', 'max_features': 'log2'}",0.637,0.6981569000054151,1.7921361001208425,457.25390625,451.8359375,0.6835664335664335,0.6823734729493892,0.6829694323144104,0.5747663551401869,0.5761124121779859,0.5754385964912281
5,CountVectorizer,DecisionTree,"{'criterion': 'log_loss', 'max_features': None}",0.693,1.452973400009796,1.7957965999376029,457.58984375,450.9609375,0.7427007299270073,0.7102966841186736,0.7261373773416593,0.6327433628318584,0.6697892271662763,0.6507394766780432
5,CountVectorizer,GradientBoosting,"{'n_estimators': 100, 'criterion': 'friedman_mse'}",0.717,2.6212957000825554,1.8136056000366807,457.81640625,451.94921875,0.6907894736842105,0.9162303664921466,0.7876969242310577,0.8,0.4496487119437939,0.5757121439280359
5,CountVectorizer,GradientBoosting,"{'n_estimators': 100, 'criterion': 'squared_error'}",0.717,2.575381600065157,1.81464789994061,457.76953125,452.09765625,0.6907894736842105,0.9162303664921466,0.7876969242310577,0.8,0.4496487119437939,0.5757121439280359
5,CountVectorizer,GradientBoosting,"{'n_estimators': 150, 'criterion': 'friedman_mse'}",0.718,3.6032789999153465,1.8034876000601798,457.8125,451.8828125,0.6974219810040706,0.8970331588132635,0.7847328244274809,0.7756653992395437,0.477751756440281,0.591304347826087
5,CountVectorizer,GradientBoosting,"{'n_estimators': 150, 'criterion': 'squared_error'}",0.718,3.524487500078976,1.8129093998577446,457.99609375,451.734375,0.6974219810040706,0.8970331588132635,0.7847328244274809,0.7756653992395437,0.477751756440281,0.591304347826087
5,CountVectorizer,GradientBoosting,"{'n_estimators': 200, 'criterion': 'friedman_mse'}",0.717,4.590153899975121,1.8022504998371005,457.8515625,452.0078125,0.6986301369863014,0.8900523560209425,0.782808902532617,0.7666666666666667,0.4847775175644028,0.593974175035868
5,CountVectorizer,GradientBoosting,"{'n_estimators': 200, 'criterion': 'squared_error'}",0.717,4.501781700178981,1.8071745000779629,458.18359375,452.01171875,0.6986301369863014,0.8900523560209425,0.782808902532617,0.7666666666666667,0.4847775175644028,0.593974175035868
5,CountVectorizer,AdaBoost,"{'n_estimators': 50, 'learning_rate': 0.01}",0.652,1.0112419999204576,1.8327142999041826,457.328125,451.61328125,0.6309662398137369,0.9458987783595113,0.7569832402234636,0.7801418439716312,0.2576112412177986,0.3873239436619718
5,CountVectorizer,AdaBoost,"{'n_estimators': 50, 'learning_rate': 0.1}",0.691,1.0086038999725133,1.8309137001633644,457.1015625,451.359375,0.6662468513853904,0.9232111692844677,0.7739575713240673,0.7864077669902912,0.3793911007025761,0.5118483412322274
5,CountVectorizer,AdaBoost,"{'n_estimators': 50, 'learning_rate': 1.0}",0.719,1.016315900022164,1.8379669999703765,457.0234375,451.359375,0.7115942028985507,0.8568935427574171,0.777513855898654,0.7354838709677419,0.5339578454332553,0.6187245590230664
5,CountVectorizer,AdaBoost,"{'n_estimators': 100, 'learning_rate': 0.01}",0.652,1.488993899896741,0.9614358998369426,457.125,453.984375,0.6309662398137369,0.9458987783595113,0.7569832402234636,0.7801418439716312,0.2576112412177986,0.3873239436619718
5,CountVectorizer,AdaBoost,"{'n_estimators': 100, 'learning_rate': 0.1}",0.704,1.4920501001179218,0.9499244999606162,457.078125,455.0625,0.6787096774193548,0.9179755671902269,0.7804154302670623,0.7911111111111111,0.4168618266978923,0.5460122699386503
5,CountVectorizer,AdaBoost,"{'n_estimators': 100, 'learning_rate': 1.0}",0.718,1.477411099942401,0.9616578000131994,457.1484375,451.41015625,0.7221374045801526,0.8254799301919721,0.7703583061889251,0.7101449275362319,0.5737704918032787,0.6347150259067358
5,CountVectorizer,AdaBoost,"{'n_estimators': 150, 'learning_rate': 0.01}",0.661,1.9564825999550521,0.9802034001331776,457.078125,451.296875,0.6382978723404256,0.9424083769633508,0.7610993657505285,0.7857142857142857,0.28337236533957844,0.4165232358003442
5,CountVectorizer,AdaBoost,"{'n_estimators': 150, 'learning_rate': 0.1}",0.71,1.9584735999815166,0.970008600037545,457.1875,454.9453125,0.6840052015604682,0.9179755671902269,0.7839046199701938,0.7965367965367965,0.4309133489461358,0.5592705167173252
5,CountVectorizer,AdaBoost,"{'n_estimators': 150, 'learning_rate': 1.0}",0.709,1.9530955001246184,1.4513515001162887,457.09375,451.33203125,0.719626168224299,0.806282722513089,0.7604938271604939,0.6899441340782123,0.5784543325526932,0.6292993630573248
5,CountVectorizer,SGD,"{'alpha': 0.0001, 'penalty': 'l2'}",0.683,1.1166668001096696,1.784862200031057,457.12890625,451.15234375,0.7318840579710145,0.7050610820244329,0.7182222222222222,0.6227678571428571,0.6533957845433255,0.6377142857142857
5,CountVectorizer,SGD,"{'alpha': 0.0001, 'penalty': 'l1'}",0.683,1.2546117999590933,1.8009896001312882,457.13671875,451.15234375,0.7051282051282052,0.7678883071553229,0.7351712614870509,0.6462765957446809,0.5690866510538641,0.6052303860523038
5,CountVectorizer,SGD,"{'alpha': 0.0001, 'penalty': 'elasticnet'}",0.69,1.2142340000718832,1.807121500140056,457.05859375,451.15234375,0.7319223985890653,0.7242582897033158,0.7280701754385965,0.6351039260969977,0.6440281030444965,0.6395348837209303
5,CountVectorizer,SGD,"{'alpha': 0.001, 'penalty': 'l2'}",0.711,1.0962194001767784,1.8007326999213547,457.06640625,451.1640625,0.7253968253968254,0.7975567190226877,0.7597672485453034,0.6864864864864865,0.594847775175644,0.6373902132998746
5,CountVectorizer,SGD,"{'alpha': 0.001, 'penalty': 'l1'}",0.713,1.0968608998227865,1.7927857001777738,457.06640625,451.1640625,0.6964285714285714,0.8848167539267016,0.7794004611837049,0.7573529411764706,0.48243559718969553,0.5894134477825465
5,CountVectorizer,SGD,"{'alpha': 0.001, 'penalty': 'elasticnet'}",0.721,1.1368631001096219,1.8058135998435318,457.22265625,451.23046875,0.7161764705882353,0.849912739965096,0.7773343974461293,0.73125,0.5480093676814989,0.6265060240963856
5,CountVectorizer,SGD,"{'alpha': 0.01, 'penalty': 'l2'}",0.711,1.0775709000881761,1.8097494000103325,457.1484375,451.23046875,0.6903485254691689,0.8987783595113438,0.7808946171341926,0.7716535433070866,0.45901639344262296,0.5756240822320118
5,CountVectorizer,SGD,"{'alpha': 0.01, 'penalty': 'l1'}",0.666,1.0913366000168025,1.8173424999695271,457.1171875,451.1484375,0.6491885143570537,0.9075043630017452,0.7569141193595342,0.7336683417085427,0.34192037470725994,0.46645367412140576
5,CountVectorizer,SGD,"{'alpha': 0.01, 'penalty': 'elasticnet'}",0.7,1.1114564000163227,1.7995521000120789,457.07421875,451.16015625,0.675224646983312,0.9179755671902269,0.7781065088757396,0.7873303167420814,0.40749414519906324,0.5370370370370371
