seed,batch_size,learning_rate,train_acc,train_precisions,train_recalls,train_f1s,max_memory_usage_train,max_vram_usage_train,total_train_time,val_acc,val_precisions,val_recalls,val_f1s,test_acc,test_precisions,test_recalls,test_f1s,max_memory_usage_test,max_vram_usage_test,total_test_time
2,16,5e-05,0.8228604923798358,"[0.8077782744747429, 0.8394970414201184]","[0.8473622508792497, 0.798358733880422]","[0.8270969218446046, 0.8184112486479991]",1339.390625,2528.85986328125,211.06290391199946,0.8367729831144465,"[0.7881219903691814, 0.9051918735891648]","[0.9212007504690432, 0.7523452157598499]","[0.8494809688581315, 0.8217213114754098]",0.8339587242026266,"[0.778125, 0.9178403755868545]","[0.9343339587242027, 0.7335834896810507]","[0.8491048593350383, 0.8154327424400417]",1260.21484375,1705.130859375,4.953183825000451
3,16,5e-05,0.8316529894490036,"[0.8105378704720088, 0.8558490566037736]","[0.8656506447831184, 0.7976553341148886]","[0.83718820861678, 0.8257281553398058]",1350.19140625,2536.35986328125,211.33510674900026,0.850844277673546,"[0.8213058419243986, 0.8863636363636364]","[0.8968105065666041, 0.8048780487804879]","[0.8573991031390135, 0.8436578171091446]",0.8414634146341463,"[0.7983606557377049, 0.8991228070175439]","[0.9136960600375235, 0.7692307692307693]","[0.8521434820647419, 0.8291203235591507]",1286.81640625,1707.505859375,5.017968420001125
5,16,5e-05,0.8344665885111372,"[0.8292176321255481, 0.8398856325947105]","[0.8424384525205159, 0.8264947245017585]","[0.835775761805071, 0.8331363743795793]",1386.55859375,2531.85986328125,211.83177362100105,0.8545966228893058,"[0.8526119402985075, 0.8566037735849057]","[0.8574108818011257, 0.851782363977486]","[0.8550046772684752, 0.8541862652869238]",0.8583489681050657,"[0.8472727272727273, 0.8701550387596899]","[0.874296435272045, 0.8424015009380863]","[0.8605724838411819, 0.8560533841754051]",1322.3046875,1703.130859375,4.911913941999956
2,16,3e-05,0.8291910902696366,"[0.8157894736842105, 0.8437806072477962]","[0.8504103165298945, 0.8079718640093787]","[0.8327402135231317, 0.8254880824050784]",1411.83203125,2533.10986328125,211.19691237799998,0.8480300187617261,"[0.7987117552334944, 0.9168539325842696]","[0.9305816135084428, 0.7654784240150094]","[0.8596187175043327, 0.8343558282208589]",0.8339587242026266,"[0.7807570977917981, 0.9120370370370371]","[0.9287054409005628, 0.7392120075046904]","[0.8483290488431876, 0.816580310880829]",1322.4140625,1705.255859375,5.095803242002148
3,16,3e-05,0.9316529894490035,"[0.9257631822386679, 0.9377080361388492]","[0.938569753810082, 0.924736225087925]","[0.9321224822447316, 0.9311769566757172]",1411.87109375,2532.35986328125,211.7874870500018,0.8649155722326454,"[0.8662900188323918, 0.8635514018691589]","[0.8630393996247655, 0.8667917448405253]","[0.8646616541353384, 0.8651685393258427]",0.8461538461538461,"[0.8242530755711776, 0.8712273641851107]","[0.8799249530956847, 0.8123827392120075]","[0.8511796733212341, 0.8407766990291262]",1322.47265625,1704.255859375,4.876590669999132
5,16,3e-05,0.8316529894490036,"[0.8322762508809021, 0.8310320617832905]","[0.830715123094959, 0.832590855803048]","[0.8314949542360948, 0.8318107285078473]",1411.92578125,2535.35986328125,211.4274526079971,0.8621013133208255,"[0.8560885608856088, 0.8683206106870229]","[0.8705440900562852, 0.8536585365853658]","[0.8632558139534884, 0.8609271523178808]",0.8649155722326454,"[0.840630472854641, 0.8929292929292929]","[0.900562851782364, 0.8292682926829268]","[0.8695652173913043, 0.8599221789883269]",1322.50390625,1704.130859375,4.713231440000527
2,16,2e-05,0.8240328253223915,"[0.8126696832579186, 0.8362530413625304]","[0.8422039859320047, 0.8058616647127784]","[0.8271732872769142, 0.8207761194029851]",1411.9453125,2529.10986328125,192.24909010900228,0.8611632270168855,"[0.8584729981378026, 0.8638941398865785]","[0.8649155722326454, 0.8574108818011257]","[0.8616822429906542, 0.8606403013182674]",0.849906191369606,"[0.8372513562386981, 0.8635477582846004]","[0.8686679174484052, 0.8311444652908068]","[0.852670349907919, 0.847036328871893]",1322.5234375,1702.005859375,4.9809429139968415
3,16,2e-05,0.926611957796014,"[0.916456855115587, 0.9372746935832732]","[0.9388042203985932, 0.9144196951934349]","[0.9274959462589761, 0.9257061476382625]",1411.94921875,2534.10986328125,193.21079305500098,0.875234521575985,"[0.852112676056338, 0.9016064257028112]","[0.9080675422138836, 0.8424015009380863]","[0.8792007266121707, 0.8709990300678953]",0.849906191369606,"[0.8166383701188455, 0.8909853249475891]","[0.9024390243902439, 0.797373358348968]","[0.857397504456328, 0.8415841584158416]",1322.52734375,1704.755859375,5.151552242001344
5,16,2e-05,0.8316529894490036,"[0.8336871903750884, 0.8296434397576322]","[0.8286049237983587, 0.8347010550996483]","[0.8311382878645344, 0.8321645628798504]",1411.9296875,2530.85986328125,196.16185655200024,0.8583489681050657,"[0.8511029411764706, 0.8659003831417624]","[0.8686679174484052, 0.8480300187617261]","[0.8597957288765088, 0.8568720379146919]",0.8667917448405253,"[0.8484848484848485, 0.8871287128712871]","[0.8930581613508443, 0.8405253283302064]","[0.870201096892139, 0.8631984585741811]",1322.52734375,1704.755859375,5.074899904000631
2,32,5e-05,0.82989449003517,"[0.8151881720430108, 0.8460403344810624]","[0.8532239155920281, 0.8065650644783119]","[0.8337724825294993, 0.8258312327451687]",1454.46875,3770.51611328125,171.36799244199938,0.8386491557223265,"[0.8881720430107527, 0.800332778702163]","[0.774859287054409, 0.9024390243902439]","[0.8276553106212425, 0.8483245149911817]",0.8198874296435272,"[0.8544698544698545, 0.7914529914529914]","[0.7711069418386491, 0.8686679174484052]","[0.8106508875739645, 0.8282647584973166]",1366.5234375,1715.037109375,5.009706589000416
3,32,5e-05,0.8293083235638922,"[0.8116263589971155, 0.8491175739497887]","[0.8576787807737397, 0.8009378663540445]","[0.8340173278613771, 0.8243243243243243]",1463.42578125,3771.89111328125,173.25992689399936,0.8574108818011257,"[0.8547486033519553, 0.8601134215500945]","[0.8611632270168855, 0.8536585365853658]","[0.8579439252336448, 0.8568738229755178]",0.8564727954971857,"[0.8405017921146953, 0.8740157480314961]","[0.8799249530956847, 0.8330206378986866]","[0.8597616865261228, 0.8530259365994236]",1376.9375,1714.912109375,5.151899507000053
5,32,5e-05,0.8284876905041032,"[0.8268782081194587, 0.8301131008482564]","[0.8309495896834701, 0.8260257913247362]","[0.828908899543913, 0.8280644023974615]",1466.30859375,3777.14111328125,174.4339471130006,0.8564727954971857,"[0.8784860557768924, 0.8368794326241135]","[0.8273921200750469, 0.8855534709193246]","[0.8521739130434782, 0.8605287146763901]",0.850844277673546,"[0.8582375478927203, 0.84375]","[0.8405253283302064, 0.8611632270168855]","[0.8492890995260663, 0.8523676880222841]",1377.09375,1719.912109375,5.17571356100234
2,32,3e-05,0.8188745603751465,"[0.8046594982078853, 0.8344810624692572]","[0.8422039859320047, 0.7955451348182884]","[0.8230037805017757, 0.814548073460569]",1458.5234375,3775.89111328125,173.35903629999666,0.851782363977486,"[0.8850102669404517, 0.8238341968911918]","[0.8086303939962477, 0.8949343339587242]","[0.8450980392156863, 0.8579136690647482]",0.8452157598499062,"[0.8694779116465864, 0.823943661971831]","[0.8123827392120075, 0.8780487804878049]","[0.8399612027158099, 0.8501362397820164]",1377.1015625,1712.787109375,5.341705082999397
3,32,3e-05,0.8318874560375147,"[0.8167375251734169, 0.8485594681113027]","[0.8558030480656507, 0.8079718640093787]","[0.8358140599954202, 0.827768436223877]",1466.52734375,3774.89111328125,173.61923142600062,0.8564727954971857,"[0.87109375, 0.8429602888086642]","[0.8367729831144465, 0.8761726078799249]","[0.8535885167464115, 0.859245630174793]",0.8442776735459663,"[0.8391866913123844, 0.8495238095238096]","[0.851782363977486, 0.8367729831144465]","[0.845437616387337, 0.8431001890359168]",1377.10546875,1714.912109375,5.134336620998511
5,32,3e-05,0.8180539273153575,"[0.8189513284740183, 0.817161561842413]","[0.8166471277842907, 0.8194607268464243]","[0.817797605071613, 0.8183095293842192]",1454.52734375,3776.39111328125,173.5483255649997,0.8611632270168855,"[0.8290598290598291, 0.9002079002079002]","[0.9099437148217636, 0.8123827392120075]","[0.8676207513416816, 0.854043392504931]",0.8527204502814258,"[0.8133333333333334, 0.9034334763948498]","[0.9155722326454033, 0.7898686679174484]","[0.8614298323036187, 0.8428428428428428]",1377.10546875,1717.287109375,5.1509996770000726
2,32,2e-05,0.8171160609613131,"[0.8068981166326299, 0.8280378365268009]","[0.8337631887456037, 0.8004689331770223]","[0.8201107011070111, 0.8140200286123033]",1464.4921875,3776.64111328125,173.531344670002,0.850844277673546,"[0.8800813008130082, 0.8257839721254355]","[0.8123827392120075, 0.8893058161350844]","[0.8448780487804878, 0.8563685636856369]",0.8405253283302064,"[0.8579881656804734, 0.8246869409660107]","[0.8161350844277674, 0.8649155722326454]","[0.8365384615384616, 0.8443223443223443]",1377.10546875,1715.662109375,4.984297498001979
3,32,2e-05,0.8309495896834701,"[0.8129017956107293, 0.8512067678526997]","[0.85978898007034, 0.8021101992966002]","[0.8356882406563355, 0.8259295026557218]",1466.30859375,3774.64111328125,174.17312152399973,0.8602251407129456,"[0.8622641509433963, 0.8582089552238806]","[0.8574108818011257, 0.8630393996247655]","[0.8598306679209784, 0.8606173994387278]",0.8424015009380863,"[0.8360957642725598, 0.8489483747609943]","[0.851782363977486, 0.8330206378986866]","[0.8438661710037175, 0.8409090909090909]",1377.10546875,1711.287109375,4.90955186499923
5,32,2e-05,0.817936694021102,"[0.8231649189704481, 0.8128749423165667]","[0.8098475967174678, 0.8260257913247362]","[0.8164519560335658, 0.8193976043726015]",1466.5234375,3775.39111328125,174.29777889899924,0.8555347091932458,"[0.8439201451905626, 0.8679611650485437]","[0.8724202626641651, 0.8386491557223265]","[0.8579335793357934, 0.8530534351145038]",0.849906191369606,"[0.8312611012433393, 0.8707753479125249]","[0.8780487804878049, 0.8217636022514071]","[0.8540145985401459, 0.8455598455598455]",1377.10546875,1712.662109375,4.9141301900017424
