seed,vectorizer,model,params,accuracy,training_time,prediction_time,peak_memory_train,peak_memory_prediction,precision_class_democratic,recall_class_democratic,f1_class_democratic,precision_class_republican,recall_class_republican,f1_class_republican
2,TfidfVectorizer,RandomForest,"{'n_estimators': 50, 'criterion': 'gini'}",0.943,49.92307339981198,1.2106924999970943,608.8984375,603.57421875,0.9511201629327902,0.934,0.9424823410696267,0.9351669941060904,0.952,0.9435084241823588
2,TfidfVectorizer,RandomForest,"{'n_estimators': 50, 'criterion': 'entropy'}",0.94275,45.51909630000591,1.1890758001245558,610.55859375,581.609375,0.953405017921147,0.931,0.9420693144447255,0.9325842696629213,0.9545,0.9434148752162096
2,TfidfVectorizer,RandomForest,"{'n_estimators': 50, 'criterion': 'log_loss'}",0.94275,45.98057230003178,1.2111456000711769,605.8359375,581.3984375,0.953405017921147,0.931,0.9420693144447255,0.9325842696629213,0.9545,0.9434148752162096
2,TfidfVectorizer,RandomForest,"{'n_estimators': 100, 'criterion': 'gini'}",0.94225,99.16859339992516,0.7300742999650538,745.375,745.67578125,0.9542886492039034,0.929,0.9414745376235115,0.930832927423283,0.9555,0.9430051813471503
2,TfidfVectorizer,RandomForest,"{'n_estimators': 100, 'criterion': 'entropy'}",0.9465,90.63544959994033,0.7221633000299335,751.75,721.4296875,0.9612603305785123,0.9305,0.945630081300813,0.9326550387596899,0.9625,0.9473425196850394
2,TfidfVectorizer,RandomForest,"{'n_estimators': 100, 'criterion': 'log_loss'}",0.9465,90.37062820000574,0.7236306997947395,727.59765625,720.96484375,0.9612603305785123,0.9305,0.945630081300813,0.9326550387596899,0.9625,0.9473425196850394
2,TfidfVectorizer,RandomForest,"{'n_estimators': 150, 'criterion': 'gini'}",0.9445,147.440634700004,0.847219199873507,867.51953125,866.7421875,0.9582474226804124,0.9295,0.9436548223350254,0.9315533980582524,0.9595,0.945320197044335
2,TfidfVectorizer,RandomForest,"{'n_estimators': 150, 'criterion': 'entropy'}",0.9475,134.5286908999551,0.835963899968192,879.60546875,838.4609375,0.959917780061665,0.934,0.9467815509376584,0.9357351509250244,0.961,0.9481993093241243
2,TfidfVectorizer,RandomForest,"{'n_estimators': 150, 'criterion': 'log_loss'}",0.9475,134.6951900999993,0.8373106999788433,847.48046875,838.6640625,0.959917780061665,0.934,0.9467815509376584,0.9357351509250244,0.961,0.9481993093241243
2,TfidfVectorizer,SVC,"{'C': 0.1, 'kernel': 'linear'}",0.95825,138.77348440000787,4.9929561000317335,1096.953125,862.6640625,0.9640506329113924,0.952,0.9579874213836478,0.9525925925925925,0.9645,0.9585093167701864
2,TfidfVectorizer,SVC,"{'C': 0.1, 'kernel': 'rbf'}",0.9515,207.89015179988928,9.283742100000381,1099.265625,865.85546875,0.9569838056680162,0.9455,0.9512072434607646,0.9461462450592886,0.9575,0.9517892644135189
2,TfidfVectorizer,SVC,"{'C': 0.1, 'kernel': 'sigmoid'}",0.95775,148.57801129994914,5.21442209999077,1084.453125,854.78515625,0.9630753667172484,0.952,0.9575056575308021,0.9525457241720218,0.9635,0.9579915485955754
2,TfidfVectorizer,SVC,"{'C': 1, 'kernel': 'linear'}",0.95875,149.51864919997752,2.5415994999930263,1163.328125,848.22265625,0.9712378017462763,0.9455,0.9581960983025082,0.9469069654164637,0.972,0.9592894152479645
2,TfidfVectorizer,SVC,"{'C': 1, 'kernel': 'rbf'}",0.9605,325.63891500001773,5.908889900194481,1130.62109375,859.56640625,0.9708588957055214,0.9495,0.9600606673407482,0.950587084148728,0.9715,0.9609297725024728
2,TfidfVectorizer,SVC,"{'C': 1, 'kernel': 'sigmoid'}",0.9575,235.0243905999232,2.4640923000406474,1117.76953125,852.8828125,0.9716494845360825,0.9425,0.9568527918781726,0.9441747572815534,0.9725,0.958128078817734
2,TfidfVectorizer,SVC,"{'C': 10, 'kernel': 'linear'}",0.95575,163.4994049000088,1.7485109998378903,1212.546875,852.1015625,0.9754825247782994,0.935,0.9548123563952005,0.9375900144023044,0.9765,0.9566495224099927
2,TfidfVectorizer,SVC,"{'C': 10, 'kernel': 'rbf'}",0.96025,453.6938779000193,5.955162599915639,1109.58984375,857.671875,0.9737519300051467,0.946,0.9596753740806493,0.9474963539134662,0.9745,0.9608084791718018
2,TfidfVectorizer,SVC,"{'C': 10, 'kernel': 'sigmoid'}",0.94925,545.4875482001808,1.3459171000868082,1132.44921875,851.32421875,0.9648215209518882,0.9325,0.9483854563946097,0.9346879535558781,0.966,0.9500860585197934
2,TfidfVectorizer,MultinomialNB,{'alpha': 0.01},0.897,0.9740162999369204,1.4381734000053257,849.6015625,823.1796875,0.8985943775100401,0.895,0.8967935871743486,0.8954183266932271,0.899,0.8972055888223552
2,TfidfVectorizer,MultinomialNB,{'alpha': 0.1},0.931,0.9642540998756886,1.4136034999974072,848.06640625,821.84765625,0.9461697722567288,0.914,0.9298067141403866,0.9168278529980658,0.948,0.9321533923303835
2,TfidfVectorizer,MultinomialNB,{'alpha': 1.0},0.948,0.9719187999144197,1.4330396999139339,846.53515625,821.93359375,0.9735729386892178,0.921,0.94655704008222,0.9250474383301708,0.975,0.9493670886075949
2,TfidfVectorizer,LogisticRegression,"{'C': 0.1, 'penalty': 'l2'}",0.95025,1.0052536998409778,1.4347532999236137,852.51953125,821.66796875,0.9550277918140475,0.945,0.9499874340286504,0.9455714992577932,0.9555,0.9505098234270082
2,TfidfVectorizer,LogisticRegression,"{'C': 1, 'penalty': 'l2'}",0.95725,1.0122295999899507,0.9756448999978602,852.4140625,820.23828125,0.962569549822964,0.9515,0.9570027659039477,0.9520514087988137,0.963,0.9574944071588367
2,TfidfVectorizer,LogisticRegression,"{'C': 10, 'penalty': 'l2'}",0.9605,1.0125891000498086,1.4315779998432845,851.1953125,820.27734375,0.9698979591836735,0.9505,0.9601010101010101,0.9514705882352941,0.9705,0.9608910891089109
2,TfidfVectorizer,KNeighbors,"{'n_neighbors': 3, 'algorithm': 'ball_tree'}",0.6505,0.9089448000304401,4.315642199944705,844.06640625,2838.9921875,0.7751371115173674,0.424,0.5481577246283129,0.6035788024776325,0.877,0.7150428047289034
2,TfidfVectorizer,KNeighbors,"{'n_neighbors': 3, 'algorithm': 'kd_tree'}",0.6505,0.9099747000727803,4.255059200106189,849.49609375,2873.9375,0.7751371115173674,0.424,0.5481577246283129,0.6035788024776325,0.877,0.7150428047289034
2,TfidfVectorizer,KNeighbors,"{'n_neighbors': 3, 'algorithm': 'brute'}",0.6505,0.8971071001142263,4.175599900074303,849.6328125,2826.46484375,0.7751371115173674,0.424,0.5481577246283129,0.6035788024776325,0.877,0.7150428047289034
2,TfidfVectorizer,KNeighbors,"{'n_neighbors': 5, 'algorithm': 'ball_tree'}",0.644,0.9203391000628471,4.222681900020689,849.0625,2853.2734375,0.8083511777301927,0.3775,0.5146557600545331,0.5939334637964775,0.9105,0.7189103829451243
2,TfidfVectorizer,KNeighbors,"{'n_neighbors': 5, 'algorithm': 'kd_tree'}",0.644,0.9040145999751985,4.218367699999362,849.55078125,2827.2265625,0.8083511777301927,0.3775,0.5146557600545331,0.5939334637964775,0.9105,0.7189103829451243
2,TfidfVectorizer,KNeighbors,"{'n_neighbors': 5, 'algorithm': 'brute'}",0.644,0.9121042001061141,4.220332799945027,848.9921875,2818.63671875,0.8083511777301927,0.3775,0.5146557600545331,0.5939334637964775,0.9105,0.7189103829451243
2,TfidfVectorizer,KNeighbors,"{'n_neighbors': 7, 'algorithm': 'ball_tree'}",0.64375,0.9042649001348764,4.294248499907553,849.55078125,2833.1484375,0.8484848484848485,0.35,0.49557522123893805,0.5905511811023622,0.9375,0.7246376811594203
2,TfidfVectorizer,KNeighbors,"{'n_neighbors': 7, 'algorithm': 'kd_tree'}",0.64375,0.9092053999193013,4.2293495000340044,848.96875,2872.9765625,0.8484848484848485,0.35,0.49557522123893805,0.5905511811023622,0.9375,0.7246376811594203
2,TfidfVectorizer,KNeighbors,"{'n_neighbors': 7, 'algorithm': 'brute'}",0.64375,0.9188492998946458,4.177832100074738,849.53515625,2831.19921875,0.8484848484848485,0.35,0.49557522123893805,0.5905511811023622,0.9375,0.7246376811594203
2,TfidfVectorizer,DecisionTree,"{'criterion': 'gini', 'max_features': 'sqrt'}",0.856,2.295655199792236,0.9692085001152009,853.421875,850.02734375,0.8662551440329218,0.842,0.8539553752535497,0.8463035019455253,0.87,0.8579881656804734
2,TfidfVectorizer,DecisionTree,"{'criterion': 'gini', 'max_features': 'log2'}",0.78025,3.233276999788359,0.9965488999150693,858.4453125,855.60546875,0.7792725460886896,0.782,0.7806338906912902,0.7812343201204215,0.7785,0.7798647633358378
2,TfidfVectorizer,DecisionTree,"{'criterion': 'gini', 'max_features': None}",0.9245,18.449964700033888,1.4403706998564303,860.0546875,828.9609375,0.9331632653061225,0.9145,0.9237373737373737,0.9161764705882353,0.9345,0.9252475247524753
2,TfidfVectorizer,DecisionTree,"{'criterion': 'entropy', 'max_features': 'sqrt'}",0.88325,2.2262478000484407,1.427859499817714,856.40625,850.28125,0.896124031007752,0.867,0.8813214739517153,0.8711864406779661,0.8995,0.8851168511685117
2,TfidfVectorizer,DecisionTree,"{'criterion': 'entropy', 'max_features': 'log2'}",0.7865,3.0081935001071543,1.44754260010086,859.328125,834.703125,0.7938461538461539,0.774,0.7837974683544304,0.7795121951219512,0.799,0.7891358024691358
2,TfidfVectorizer,DecisionTree,"{'criterion': 'entropy', 'max_features': None}",0.90575,15.455011799931526,1.444560500094667,860.9375,828.7578125,0.921996879875195,0.8865,0.9039000764720877,0.8907077515647569,0.925,0.9075300466028943
2,TfidfVectorizer,DecisionTree,"{'criterion': 'log_loss', 'max_features': 'sqrt'}",0.88325,2.237688000081107,1.4327521999366581,856.48046875,831.83984375,0.896124031007752,0.867,0.8813214739517153,0.8711864406779661,0.8995,0.8851168511685117
2,TfidfVectorizer,DecisionTree,"{'criterion': 'log_loss', 'max_features': 'log2'}",0.7865,2.9864928000606596,0.9821194000542164,859.3046875,855.703125,0.7938461538461539,0.774,0.7837974683544304,0.7795121951219512,0.799,0.7891358024691358
2,TfidfVectorizer,DecisionTree,"{'criterion': 'log_loss', 'max_features': None}",0.90575,15.638641400029883,1.4345607000868767,860.35546875,828.92578125,0.921996879875195,0.8865,0.9039000764720877,0.8907077515647569,0.925,0.9075300466028943
2,TfidfVectorizer,GradientBoosting,"{'n_estimators': 100, 'criterion': 'friedman_mse'}",0.79975,18.83092759991996,1.4521908999886364,859.61328125,830.203125,0.9694596711041503,0.619,0.7555691180958194,0.7201615864854939,0.9805,0.8304044039805208
2,TfidfVectorizer,GradientBoosting,"{'n_estimators': 100, 'criterion': 'squared_error'}",0.79975,18.876502400031313,1.4489058000035584,856.27734375,830.11328125,0.9694596711041503,0.619,0.7555691180958194,0.7201615864854939,0.9805,0.8304044039805208
2,TfidfVectorizer,GradientBoosting,"{'n_estimators': 150, 'criterion': 'friedman_mse'}",0.82725,27.794089999981225,0.984110799850896,860.28515625,853.93359375,0.9529411764705882,0.6885,0.7994194484760523,0.7561643835616438,0.966,0.848298572996707
2,TfidfVectorizer,GradientBoosting,"{'n_estimators': 150, 'criterion': 'squared_error'}",0.82725,27.769915600074455,0.9781488999724388,856.1875,855.09375,0.9529411764705882,0.6885,0.7994194484760523,0.7561643835616438,0.966,0.848298572996707
2,TfidfVectorizer,GradientBoosting,"{'n_estimators': 200, 'criterion': 'friedman_mse'}",0.84025,36.7418835000135,0.9873575000092387,860.41796875,829.95703125,0.9551839464882943,0.714,0.8171673819742489,0.7716566866267465,0.9665,0.858157602663707
2,TfidfVectorizer,GradientBoosting,"{'n_estimators': 200, 'criterion': 'squared_error'}",0.84025,36.73999859998003,0.9897284000180662,856.3359375,829.91796875,0.9551839464882943,0.714,0.8171673819742489,0.7716566866267465,0.9665,0.858157602663707
2,TfidfVectorizer,AdaBoost,"{'n_estimators': 50, 'learning_rate': 0.01}",0.58975,7.253564100014046,1.0144205000251532,856.83984375,829.83984375,0.9944903581267218,0.1805,0.30554380025391453,0.5493538630739621,0.999,0.7088877062267164
2,TfidfVectorizer,AdaBoost,"{'n_estimators': 50, 'learning_rate': 0.1}",0.6795,7.264645300107077,1.0133436999749392,855.734375,829.8515625,0.9711286089238845,0.37,0.5358435916002896,0.6108709079678815,0.989,0.7552500954562811
2,TfidfVectorizer,AdaBoost,"{'n_estimators': 50, 'learning_rate': 1.0}",0.7485,7.254469099920243,1.005679399939254,856.94140625,829.94140625,0.9671052631578947,0.5145,0.6716710182767625,0.6692779291553134,0.9825,0.796191247974068
2,TfidfVectorizer,AdaBoost,"{'n_estimators': 100, 'learning_rate': 0.01}",0.612,13.632608199957758,1.049588300054893,856.13671875,830.0,0.9628099173553719,0.233,0.3752012882447665,0.5637087599544938,0.991,0.7186366932559826
2,TfidfVectorizer,AdaBoost,"{'n_estimators': 100, 'learning_rate': 0.1}",0.725,13.619481900008395,1.0437158001586795,857.09375,829.9296875,0.9527162977867203,0.4735,0.6325985303941216,0.6497005988023952,0.9765,0.7802636835797043
2,TfidfVectorizer,AdaBoost,"{'n_estimators': 100, 'learning_rate': 1.0}",0.82025,13.64333470002748,1.0467966001015157,856.15234375,829.8125,0.9685442574981712,0.662,0.7864567864567864,0.7432586403342195,0.9785,0.8448089790632419
2,TfidfVectorizer,AdaBoost,"{'n_estimators': 150, 'learning_rate': 0.01}",0.63375,20.0267862000037,1.083371700020507,856.94921875,854.38671875,0.968476357267951,0.2765,0.4301828082458187,0.5780110819480898,0.991,0.7301528826671578
2,TfidfVectorizer,AdaBoost,"{'n_estimators': 150, 'learning_rate': 0.1}",0.755,20.036964500090107,1.0889023002237082,855.6640625,848.69140625,0.961121157323689,0.5315,0.6844816484224082,0.6762266758811334,0.9785,0.7997548017981202
2,TfidfVectorizer,AdaBoost,"{'n_estimators': 150, 'learning_rate': 1.0}",0.845,20.05560449999757,1.0897184000350535,857.93359375,854.171875,0.9394904458598726,0.7375,0.8263305322128851,0.7839506172839507,0.9525,0.8600451467268623
2,TfidfVectorizer,SGD,"{'alpha': 0.0001, 'penalty': 'l2'}",0.95825,0.9382905000820756,0.9672201999928802,854.46875,854.46875,0.9659379766141332,0.95,0.9579026972523318,0.9508116084604034,0.9665,0.9585916191420779
2,TfidfVectorizer,SGD,"{'alpha': 0.0001, 'penalty': 'l1'}",0.94525,0.9457205000799149,1.427705200156197,853.6328125,829.8046875,0.9401878398418191,0.951,0.9455630126771066,0.9504299443601416,0.9395,0.9449333668594417
2,TfidfVectorizer,SGD,"{'alpha': 0.0001, 'penalty': 'elasticnet'}",0.95775,0.9713742998428643,1.4480773999821395,855.00390625,829.9296875,0.9621403331650682,0.953,0.9575483546847525,0.9534422981674097,0.9625,0.9579497387409803
2,TfidfVectorizer,SGD,"{'alpha': 0.001, 'penalty': 'l2'}",0.93675,0.9217766998335719,1.418006599880755,853.78125,829.89453125,0.9504899432697267,0.9215,0.9357705001269357,0.9238233867054828,0.952,0.9377000738734302
2,TfidfVectorizer,SGD,"{'alpha': 0.001, 'penalty': 'l1'}",0.79675,0.9599708002060652,1.4314264000859112,855.07421875,830.0,0.9575944487278335,0.621,0.7534121929026387,0.7195708472068072,0.9725,0.8271316181160961
2,TfidfVectorizer,SGD,"{'alpha': 0.001, 'penalty': 'elasticnet'}",0.92125,0.9584151001181453,1.4259687000885606,853.77734375,829.78515625,0.9394887845592071,0.9005,0.9195813122287465,0.9044647143542967,0.942,0.922850844966936
2,TfidfVectorizer,SGD,"{'alpha': 0.01, 'penalty': 'l2'}",0.69775,0.9128679998684675,1.8859147001057863,854.98046875,829.91796875,0.9840881272949816,0.402,0.5708200212992546,0.6242538485705309,0.9935,0.7667374107659657
2,TfidfVectorizer,SGD,"{'alpha': 0.01, 'penalty': 'l1'}",0.538,0.9442926000338048,1.8843379002064466,854.125,829.80859375,0.9871794871794872,0.077,0.14285714285714285,0.5197710718002081,0.999,0.6837782340862423
2,TfidfVectorizer,SGD,"{'alpha': 0.01, 'penalty': 'elasticnet'}",0.65075,0.9338004998862743,1.4288017998915166,855.03125,829.91796875,0.9617151607963247,0.314,0.47342630983791933,0.5900806692560502,0.9875,0.738731999251917
2,CountVectorizer,RandomForest,"{'n_estimators': 50, 'criterion': 'gini'}",0.94225,54.98210830008611,1.2128361000213772,849.20703125,630.515625,0.9613980177360459,0.9215,0.9410262956344141,0.9246279404704753,0.963,0.9434239529757531
2,CountVectorizer,RandomForest,"{'n_estimators': 50, 'criterion': 'entropy'}",0.946,50.616740899858996,1.2083124998025596,645.87890625,623.0078125,0.9660397074190178,0.9245,0.9448134900357691,0.9276126558005753,0.9675,0.947136563876652
2,CountVectorizer,RandomForest,"{'n_estimators': 50, 'criterion': 'log_loss'}",0.946,50.546136799966916,1.20652320003137,636.08203125,623.375,0.9660397074190178,0.9245,0.9448134900357691,0.9276126558005753,0.9675,0.947136563876652
2,CountVectorizer,RandomForest,"{'n_estimators': 100, 'criterion': 'gini'}",0.942,109.84419280011207,0.7162727999966592,783.578125,781.859375,0.9623430962343096,0.92,0.9406952965235174,0.9233716475095786,0.964,0.9432485322896281
2,CountVectorizer,RandomForest,"{'n_estimators': 100, 'criterion': 'entropy'}",0.947,100.953887199983,2.9020530998241156,796.18359375,740.97265625,0.9685534591194969,0.924,0.9457523029682702,0.9273422562141491,0.97,0.9481915933528837
2,CountVectorizer,RandomForest,"{'n_estimators': 100, 'criterion': 'log_loss'}",0.947,100.0444112000987,0.7306584999896586,773.9375,744.0078125,0.9685534591194969,0.924,0.9457523029682702,0.9273422562141491,0.97,0.9481915933528837
2,CountVectorizer,RandomForest,"{'n_estimators': 150, 'criterion': 'gini'}",0.94175,164.0404946000781,0.8237686997745186,926.73046875,924.75,0.9603960396039604,0.9215,0.9405460576677724,0.9245555021624219,0.962,0.9429061504533203
2,CountVectorizer,RandomForest,"{'n_estimators': 150, 'criterion': 'entropy'}",0.947,150.1435273999814,0.8398263999260962,936.8828125,880.390625,0.9695378151260504,0.923,0.9456967213114754,0.9265267175572519,0.971,0.9482421875
2,CountVectorizer,RandomForest,"{'n_estimators': 150, 'criterion': 'log_loss'}",0.947,150.46520960005,0.8292417000047863,910.77734375,880.2578125,0.9695378151260504,0.923,0.9456967213114754,0.9265267175572519,0.971,0.9482421875
2,CountVectorizer,SVC,"{'C': 0.1, 'kernel': 'linear'}",0.95725,108.93056540004909,2.4395538999233395,1185.1328125,917.578125,0.9721218378936499,0.9415,0.9565659131318263,0.9432864760058167,0.973,0.9579128722618755
2,CountVectorizer,SVC,"{'C': 0.1, 'kernel': 'rbf'}",0.92225,213.76246009999886,9.31535270018503,1140.53515625,919.73828125,0.89891355692017,0.9515,0.9244595579305319,0.9484864577801381,0.893,0.9199072881792428
2,CountVectorizer,SVC,"{'C': 0.1, 'kernel': 'sigmoid'}",0.95325,130.953500200063,4.7791815001983196,1141.33984375,914.96875,0.964633521271143,0.941,0.9526702100733991,0.9424109321620303,0.9655,0.9538157569770314
2,CountVectorizer,SVC,"{'C': 1, 'kernel': 'linear'}",0.95575,124.45847050007433,1.5190318999812007,1245.828125,909.76953125,0.9691199176531138,0.9415,0.9551103220897793,0.9431210500729217,0.97,0.9563717032289869
2,CountVectorizer,SVC,"{'C': 1, 'kernel': 'rbf'}",0.955,343.0564107999671,6.443965299986303,1203.265625,916.82421875,0.9582074521651561,0.9515,0.9548419468138485,0.951837140019861,0.9585,0.9551569506726457
2,CountVectorizer,SVC,"{'C': 1, 'kernel': 'sigmoid'}",0.953,113.63045649998821,2.267914099851623,1154.00390625,910.36328125,0.9598984771573604,0.9455,0.9526448362720403,0.9463054187192118,0.9605,0.9533498759305211
2,CountVectorizer,SVC,"{'C': 10, 'kernel': 'linear'}",0.9525,116.35895749996416,1.236460099928081,1253.94921875,909.8125,0.9708636836628513,0.933,0.9515553289138194,0.9355149181905679,0.972,0.9534085335948994
2,CountVectorizer,SVC,"{'C': 10, 'kernel': 'rbf'}",0.954,389.35081110009924,6.105966399889439,1155.140625,916.26953125,0.9544544544544544,0.9535,0.9539769884942472,0.9535464535464535,0.9545,0.9540229885057471
2,CountVectorizer,SVC,"{'C': 10, 'kernel': 'sigmoid'}",0.94,87.18496280000545,1.4200476000551134,1155.15625,910.98046875,0.9444444444444444,0.935,0.9396984924623115,0.9356435643564357,0.945,0.9402985074626866
2,CountVectorizer,MultinomialNB,{'alpha': 0.01},0.92375,0.96373389987275,1.4354518000036478,909.203125,875.734375,0.9181055747409965,0.9305,0.924261236652595,0.9295489102889002,0.917,0.9232318147495595
2,CountVectorizer,MultinomialNB,{'alpha': 0.1},0.9505,0.9590496998280287,1.8983556998427957,907.36328125,874.6015625,0.955050505050505,0.9455,0.950251256281407,0.946039603960396,0.9555,0.9507462686567164
2,CountVectorizer,MultinomialNB,{'alpha': 1.0},0.9615,0.9581450999248773,1.4193122999276966,906.55859375,874.3203125,0.9728483606557377,0.9495,0.9610323886639676,0.95068359375,0.9735,0.9619565217391305
2,CountVectorizer,LogisticRegression,"{'C': 0.1, 'penalty': 'l2'}",0.9565,1.0420982998330146,1.4252136999275535,914.015625,873.3984375,0.9672466734902764,0.945,0.9559939301972686,0.946236559139785,0.968,0.9569945625308948
2,CountVectorizer,LogisticRegression,"{'C': 1, 'penalty': 'l2'}",0.96025,1.06838500010781,1.8748626001179218,913.43359375,873.2578125,0.9727786337955829,0.947,0.9597162401824171,0.948368241597662,0.9735,0.9607698001480385
2,CountVectorizer,LogisticRegression,"{'C': 10, 'penalty': 'l2'}",0.9595,1.092604500008747,1.420784000074491,913.3515625,873.06640625,0.9737113402061855,0.9445,0.9588832487309644,0.9461165048543689,0.9745,0.9600985221674877
2,CountVectorizer,KNeighbors,"{'n_neighbors': 3, 'algorithm': 'ball_tree'}",0.8295,0.9019053000956774,4.472034800099209,905.83203125,2835.23046875,0.9113607990012484,0.73,0.8106607440310938,0.7748123436196831,0.929,0.8449295134151887
2,CountVectorizer,KNeighbors,"{'n_neighbors': 3, 'algorithm': 'kd_tree'}",0.8295,0.9157714999746531,4.482564200181514,905.2890625,2925.078125,0.9113607990012484,0.73,0.8106607440310938,0.7748123436196831,0.929,0.8449295134151887
2,CountVectorizer,KNeighbors,"{'n_neighbors': 3, 'algorithm': 'brute'}",0.8295,0.8960946998558939,4.526116800028831,902.1875,2828.109375,0.9113607990012484,0.73,0.8106607440310938,0.7748123436196831,0.929,0.8449295134151887
2,CountVectorizer,KNeighbors,"{'n_neighbors': 5, 'algorithm': 'ball_tree'}",0.8295,0.9211024001706392,4.4601706000976264,906.03125,2872.29296875,0.926261319534282,0.716,0.8076706147772138,0.7685411572942136,0.943,0.8468792096991469
2,CountVectorizer,KNeighbors,"{'n_neighbors': 5, 'algorithm': 'kd_tree'}",0.8295,0.9006542998831719,4.436960400082171,906.015625,2836.125,0.926261319534282,0.716,0.8076706147772138,0.7685411572942136,0.943,0.8468792096991469
2,CountVectorizer,KNeighbors,"{'n_neighbors': 5, 'algorithm': 'brute'}",0.8295,0.9017227001022547,4.4489603999536484,902.95703125,2828.33984375,0.926261319534282,0.716,0.8076706147772138,0.7685411572942136,0.943,0.8468792096991469
2,CountVectorizer,KNeighbors,"{'n_neighbors': 7, 'algorithm': 'ball_tree'}",0.82325,0.900579100009054,4.465322100091726,902.65234375,2861.34375,0.9295681063122924,0.6995,0.7982881597717546,0.7591182364729459,0.947,0.842714126807564
2,CountVectorizer,KNeighbors,"{'n_neighbors': 7, 'algorithm': 'kd_tree'}",0.82325,0.9064331999979913,4.5138861001469195,901.984375,2922.19140625,0.9295681063122924,0.6995,0.7982881597717546,0.7591182364729459,0.947,0.842714126807564
2,CountVectorizer,KNeighbors,"{'n_neighbors': 7, 'algorithm': 'brute'}",0.82325,0.9067505998536944,4.437102399999276,907.46484375,2903.0703125,0.9295681063122924,0.6995,0.7982881597717546,0.7591182364729459,0.947,0.842714126807564
2,CountVectorizer,DecisionTree,"{'criterion': 'gini', 'max_features': 'sqrt'}",0.89825,2.434602899942547,1.4365110001526773,907.39453125,876.4453125,0.9229952203929899,0.869,0.8951841359773371,0.8762399622106755,0.9275,0.9011416079669662
2,CountVectorizer,DecisionTree,"{'criterion': 'gini', 'max_features': 'log2'}",0.77925,4.061742399819195,0.98362149996683,913.57421875,879.4765625,0.7824987354577643,0.7735,0.7779733467437767,0.7760751359367276,0.785,0.7805120556798409
2,CountVectorizer,DecisionTree,"{'criterion': 'gini', 'max_features': None}",0.91725,11.493603500071913,1.4410467999987304,912.64453125,872.9453125,0.9195575666163901,0.9145,0.917021809977438,0.9149676777722526,0.92,0.9174769384193467
2,CountVectorizer,DecisionTree,"{'criterion': 'entropy', 'max_features': 'sqrt'}",0.89125,2.28863239986822,1.4364265000913292,907.9140625,876.08203125,0.9099004714510215,0.8685,0.88871834228703,0.8742228598756576,0.914,0.8936690295771205
2,CountVectorizer,DecisionTree,"{'criterion': 'entropy', 'max_features': 'log2'}",0.78425,4.086990799987689,0.990254299947992,914.55859375,879.26171875,0.8032,0.753,0.7772903225806451,0.7675294117647059,0.8155,0.7907878787878788
2,CountVectorizer,DecisionTree,"{'criterion': 'entropy', 'max_features': None}",0.92275,9.060045100050047,0.982506699860096,912.015625,888.7265625,0.9315977539561,0.9125,0.9219499873705481,0.9142577168054875,0.933,0.9235337787676318
2,CountVectorizer,DecisionTree,"{'criterion': 'log_loss', 'max_features': 'sqrt'}",0.89125,2.289658199995756,1.4337532999925315,907.72265625,876.07421875,0.9099004714510215,0.8685,0.88871834228703,0.8742228598756576,0.914,0.8936690295771205
2,CountVectorizer,DecisionTree,"{'criterion': 'log_loss', 'max_features': 'log2'}",0.78425,4.0578562000300735,1.438623100053519,915.30078125,879.1953125,0.8032,0.753,0.7772903225806451,0.7675294117647059,0.8155,0.7907878787878788
2,CountVectorizer,DecisionTree,"{'criterion': 'log_loss', 'max_features': None}",0.92275,9.034881399944425,0.9920479999855161,912.34765625,888.703125,0.9315977539561,0.9125,0.9219499873705481,0.9142577168054875,0.933,0.9235337787676318
2,CountVectorizer,GradientBoosting,"{'n_estimators': 100, 'criterion': 'friedman_mse'}",0.79875,8.037677200045437,1.4550356999970973,910.94140625,873.31640625,0.9686274509803922,0.6175,0.7541984732824427,0.7192660550458716,0.98,0.8296296296296296
2,CountVectorizer,GradientBoosting,"{'n_estimators': 100, 'criterion': 'squared_error'}",0.79875,8.065861799987033,1.4399128998629749,910.64453125,873.13671875,0.9686274509803922,0.6175,0.7541984732824427,0.7192660550458716,0.98,0.8296296296296296
2,CountVectorizer,GradientBoosting,"{'n_estimators': 150, 'criterion': 'friedman_mse'}",0.82675,11.616501100128517,0.9850309998728335,910.68359375,873.13671875,0.9554006968641114,0.6855,0.7982532751091703,0.754775828460039,0.968,0.8481927710843373
2,CountVectorizer,GradientBoosting,"{'n_estimators': 150, 'criterion': 'squared_error'}",0.82675,11.635146399959922,0.9901902000419796,910.26171875,872.43359375,0.9554006968641114,0.6855,0.7982532751091703,0.754775828460039,0.968,0.8481927710843373
2,CountVectorizer,GradientBoosting,"{'n_estimators': 200, 'criterion': 'friedman_mse'}",0.84025,15.281905699986964,0.9889444999862462,909.71484375,873.234375,0.9564050972501676,0.713,0.8169578917215697,0.7712235950577919,0.9675,0.8582834331337326
2,CountVectorizer,GradientBoosting,"{'n_estimators': 200, 'criterion': 'squared_error'}",0.84025,15.153242399916053,0.9926483000162989,909.83203125,872.546875,0.9564050972501676,0.713,0.8169578917215697,0.7712235950577919,0.9675,0.8582834331337326
2,CountVectorizer,AdaBoost,"{'n_estimators': 50, 'learning_rate': 0.01}",0.58975,5.1487942999228835,1.024895700160414,907.65625,872.6640625,0.9944903581267218,0.1805,0.30554380025391453,0.5493538630739621,0.999,0.7088877062267164
2,CountVectorizer,AdaBoost,"{'n_estimators': 50, 'learning_rate': 0.1}",0.6795,5.1449660998769104,1.0078589001204818,906.9453125,872.80859375,0.9711286089238845,0.37,0.5358435916002896,0.6108709079678815,0.989,0.7552500954562811
2,CountVectorizer,AdaBoost,"{'n_estimators': 50, 'learning_rate': 1.0}",0.74225,5.150157199939713,0.9976321998983622,907.37109375,872.5546875,0.9690222652468539,0.5005,0.6600725354434553,0.6632962588473206,0.984,0.7924300382524663
2,CountVectorizer,AdaBoost,"{'n_estimators': 100, 'learning_rate': 0.01}",0.612,9.432578100124374,1.0462531000375748,907.00390625,872.828125,0.9628099173553719,0.233,0.3752012882447665,0.5637087599544938,0.991,0.7186366932559826
2,CountVectorizer,AdaBoost,"{'n_estimators': 100, 'learning_rate': 0.1}",0.72525,9.404223800171167,1.0472206000704318,907.3515625,872.77734375,0.9527638190954774,0.474,0.6330550918196995,0.6499168053244593,0.9765,0.7804195804195804
2,CountVectorizer,AdaBoost,"{'n_estimators': 100, 'learning_rate': 1.0}",0.82325,9.395888300146908,1.040018699830398,907.03125,872.72265625,0.9667870036101083,0.6695,0.7911373707533235,0.7472275334608031,0.977,0.8468039003250271
2,CountVectorizer,AdaBoost,"{'n_estimators': 150, 'learning_rate': 0.01}",0.6335,13.841490400023758,1.0811432001646608,907.28515625,872.72265625,0.968421052631579,0.276,0.42957198443579764,0.5778425655976677,0.991,0.7300184162062615
2,CountVectorizer,AdaBoost,"{'n_estimators': 150, 'learning_rate': 0.1}",0.75575,13.682326199952513,1.07573420018889,906.921875,872.48046875,0.962059620596206,0.5325,0.6855487608625684,0.6768060836501901,0.979,0.8003269977518904
2,CountVectorizer,AdaBoost,"{'n_estimators': 150, 'learning_rate': 1.0}",0.8525,13.690590800018981,1.0767923998646438,907.2890625,872.8046875,0.9462025316455697,0.7475,0.835195530726257,0.7913223140495868,0.9575,0.8665158371040724
2,CountVectorizer,SGD,"{'alpha': 0.0001, 'penalty': 'l2'}",0.956,0.9307748000137508,1.4165099998936057,904.02734375,872.3203125,0.9710743801652892,0.94,0.9552845528455285,0.9418604651162791,0.972,0.9566929133858267
2,CountVectorizer,SGD,"{'alpha': 0.0001, 'penalty': 'l1'}",0.95,1.0126555999740958,0.9638229000847787,904.40234375,872.37890625,0.9658385093167702,0.933,0.9491353001017294,0.9352030947775629,0.967,0.9508357915437562
2,CountVectorizer,SGD,"{'alpha': 0.0001, 'penalty': 'elasticnet'}",0.95525,0.9762996002100408,1.4110429000575095,904.140625,872.32421875,0.9724961079398028,0.937,0.9544181308887191,0.9392185238784371,0.9735,0.9560520500859317
2,CountVectorizer,SGD,"{'alpha': 0.001, 'penalty': 'l2'}",0.95325,0.9264870001934469,1.4314099000766873,904.421875,872.38671875,0.965588084232152,0.94,0.9526222447428426,0.9415489527520702,0.9665,0.9538613372810264
2,CountVectorizer,SGD,"{'alpha': 0.001, 'penalty': 'l1'}",0.845,0.9680616999976337,1.9027585999574512,904.1015625,872.3671875,0.9323308270676691,0.744,0.8275862068965517,0.7870216306156406,0.946,0.8592188919164396
2,CountVectorizer,SGD,"{'alpha': 0.001, 'penalty': 'elasticnet'}",0.941,0.9817272999789566,0.9683386001270264,904.46484375,900.05078125,0.9565217391304348,0.924,0.9399796541200407,0.9264990328820116,0.958,0.9419862340216323
2,CountVectorizer,SGD,"{'alpha': 0.01, 'penalty': 'l2'}",0.9005,0.9238704000599682,0.9727125999052078,904.10546875,904.10546875,0.9494949494949495,0.846,0.8947646747752512,0.8611361587015329,0.955,0.905642484589853
2,CountVectorizer,SGD,"{'alpha': 0.01, 'penalty': 'l1'}",0.6635,0.9441070000175387,1.8883112000767142,904.46484375,872.26953125,0.9077306733167082,0.364,0.5196288365453248,0.6022514071294559,0.963,0.7410542516352443
2,CountVectorizer,SGD,"{'alpha': 0.01, 'penalty': 'elasticnet'}",0.814,0.9550439999438822,1.4269658999983221,904.046875,872.28515625,0.9422535211267605,0.669,0.7824561403508772,0.7434108527131783,0.959,0.8375545851528384
3,TfidfVectorizer,RandomForest,"{'n_estimators': 50, 'criterion': 'gini'}",0.947,49.913397199939936,1.218464900040999,905.58984375,619.8671875,0.9584615384615385,0.9345,0.9463291139240506,0.9360975609756098,0.9595,0.9476543209876543
3,TfidfVectorizer,RandomForest,"{'n_estimators': 50, 'criterion': 'entropy'}",0.94325,45.35316850012168,1.203539300011471,631.50390625,595.5546875,0.9548486403283736,0.9305,0.9425170929349203,0.932228181374939,0.956,0.9439644532214269
3,TfidfVectorizer,RandomForest,"{'n_estimators': 50, 'criterion': 'log_loss'}",0.94325,45.40817219996825,1.2032349999062717,616.98828125,594.32421875,0.9548486403283736,0.9305,0.9425170929349203,0.932228181374939,0.956,0.9439644532214269
3,TfidfVectorizer,RandomForest,"{'n_estimators': 100, 'criterion': 'gini'}",0.9455,99.0384967001155,0.7211070000194013,758.546875,759.06640625,0.9550561797752809,0.935,0.944921677614957,0.9363369245837414,0.956,0.946066303809995
3,TfidfVectorizer,RandomForest,"{'n_estimators': 100, 'criterion': 'entropy'}",0.94475,89.94850659999065,0.7137786000967026,767.44140625,734.61328125,0.9545222278998468,0.934,0.9441496082891079,0.9353891336270191,0.9555,0.9453376205787781
3,TfidfVectorizer,RandomForest,"{'n_estimators': 100, 'criterion': 'log_loss'}",0.94475,89.8372847000137,0.7164755000267178,742.703125,734.671875,0.9545222278998468,0.934,0.9441496082891079,0.9353891336270191,0.9555,0.9453376205787781
3,TfidfVectorizer,RandomForest,"{'n_estimators': 150, 'criterion': 'gini'}",0.9455,148.02707800013013,0.8450472999829799,887.23046875,887.8203125,0.9573921971252567,0.9325,0.9447821681864235,0.9342105263157895,0.9585,0.9461994076999013
3,TfidfVectorizer,RandomForest,"{'n_estimators': 150, 'criterion': 'entropy'}",0.94725,134.37292589992285,0.8323468999005854,895.7734375,856.1484375,0.9589533093894305,0.9345,0.9465687515826792,0.9361287176986836,0.96,0.9479140952851148
3,TfidfVectorizer,RandomForest,"{'n_estimators': 150, 'criterion': 'log_loss'}",0.94725,134.39820299996063,0.8463850999251008,864.57421875,856.12890625,0.9589533093894305,0.9345,0.9465687515826792,0.9361287176986836,0.96,0.9479140952851148
3,TfidfVectorizer,SVC,"{'C': 0.1, 'kernel': 'linear'}",0.95825,143.08057400025427,4.971278100274503,1107.94921875,875.546875,0.9640506329113924,0.952,0.9579874213836478,0.9525925925925925,0.9645,0.9585093167701864
3,TfidfVectorizer,SVC,"{'C': 0.1, 'kernel': 'rbf'}",0.9515,207.78000520030037,9.303465100005269,1105.40234375,872.70703125,0.9569838056680162,0.9455,0.9512072434607646,0.9461462450592886,0.9575,0.9517892644135189
3,TfidfVectorizer,SVC,"{'C': 0.1, 'kernel': 'sigmoid'}",0.95775,148.2334206001833,5.19084809999913,1087.3046875,866.98828125,0.9630753667172484,0.952,0.9575056575308021,0.9525457241720218,0.9635,0.9579915485955754
3,TfidfVectorizer,SVC,"{'C': 1, 'kernel': 'linear'}",0.95875,149.28411120036617,2.5419250996783376,1168.33203125,860.73828125,0.9712378017462763,0.9455,0.9581960983025082,0.9469069654164637,0.972,0.9592894152479645
3,TfidfVectorizer,SVC,"{'C': 1, 'kernel': 'rbf'}",0.9605,326.31788989994675,5.920359900221229,1141.8359375,870.7109375,0.9708588957055214,0.9495,0.9600606673407482,0.950587084148728,0.9715,0.9609297725024728
3,TfidfVectorizer,SVC,"{'C': 1, 'kernel': 'sigmoid'}",0.9575,234.62430729996413,2.4630177998915315,1128.83984375,865.859375,0.9716494845360825,0.9425,0.9568527918781726,0.9441747572815534,0.9725,0.958128078817734
3,TfidfVectorizer,SVC,"{'C': 10, 'kernel': 'linear'}",0.95575,164.04993409989402,1.7176650003530085,1224.421875,862.140625,0.9754825247782994,0.935,0.9548123563952005,0.9375900144023044,0.9765,0.9566495224099927
3,TfidfVectorizer,SVC,"{'C': 10, 'kernel': 'rbf'}",0.96025,454.2088037999347,5.92223360016942,1121.2578125,867.1875,0.9737519300051467,0.946,0.9596753740806493,0.9474963539134662,0.9745,0.9608084791718018
3,TfidfVectorizer,SVC,"{'C': 10, 'kernel': 'sigmoid'}",0.94925,548.189257199876,1.3476724000647664,1144.7578125,863.69921875,0.9648215209518882,0.9325,0.9483854563946097,0.9346879535558781,0.966,0.9500860585197934
3,TfidfVectorizer,MultinomialNB,{'alpha': 0.01},0.897,0.9733519000001252,0.9727165000513196,861.12890625,832.59765625,0.8985943775100401,0.895,0.8967935871743486,0.8954183266932271,0.899,0.8972055888223552
3,TfidfVectorizer,MultinomialNB,{'alpha': 0.1},0.931,0.9731695000082254,1.4324408997781575,859.5,832.32421875,0.9461697722567288,0.914,0.9298067141403866,0.9168278529980658,0.948,0.9321533923303835
3,TfidfVectorizer,MultinomialNB,{'alpha': 1.0},0.948,0.9672995000146329,1.4238269999623299,859.1015625,831.34765625,0.9735729386892178,0.921,0.94655704008222,0.9250474383301708,0.975,0.9493670886075949
3,TfidfVectorizer,LogisticRegression,"{'C': 0.1, 'penalty': 'l2'}",0.95025,1.004781600087881,0.9720668001100421,863.140625,830.62890625,0.9550277918140475,0.945,0.9499874340286504,0.9455714992577932,0.9555,0.9505098234270082
3,TfidfVectorizer,LogisticRegression,"{'C': 1, 'penalty': 'l2'}",0.95725,1.0138436001725495,1.4260825999081135,863.328125,829.97265625,0.962569549822964,0.9515,0.9570027659039477,0.9520514087988137,0.963,0.9574944071588367
3,TfidfVectorizer,LogisticRegression,"{'C': 10, 'penalty': 'l2'}",0.9605,1.0143407001160085,0.9649009997956455,862.515625,829.671875,0.9698979591836735,0.9505,0.9601010101010101,0.9514705882352941,0.9705,0.9608910891089109
3,TfidfVectorizer,KNeighbors,"{'n_neighbors': 3, 'algorithm': 'ball_tree'}",0.6505,0.9069369998760521,4.334591200109571,856.26171875,2863.42578125,0.7751371115173674,0.424,0.5481577246283129,0.6035788024776325,0.877,0.7150428047289034
3,TfidfVectorizer,KNeighbors,"{'n_neighbors': 3, 'algorithm': 'kd_tree'}",0.6505,0.9103374998085201,4.467680300120264,855.625,2814.40625,0.7751371115173674,0.424,0.5481577246283129,0.6035788024776325,0.877,0.7150428047289034
3,TfidfVectorizer,KNeighbors,"{'n_neighbors': 3, 'algorithm': 'brute'}",0.6505,0.9145121998153627,4.336938200052828,860.01953125,2856.265625,0.7751371115173674,0.424,0.5481577246283129,0.6035788024776325,0.877,0.7150428047289034
3,TfidfVectorizer,KNeighbors,"{'n_neighbors': 5, 'algorithm': 'ball_tree'}",0.644,0.9113361998461187,4.321880000177771,858.73828125,2861.953125,0.8083511777301927,0.3775,0.5146557600545331,0.5939334637964775,0.9105,0.7189103829451243
3,TfidfVectorizer,KNeighbors,"{'n_neighbors': 5, 'algorithm': 'kd_tree'}",0.644,0.9124529003165662,4.420463299844414,854.65234375,2835.39453125,0.8083511777301927,0.3775,0.5146557600545331,0.5939334637964775,0.9105,0.7189103829451243
3,TfidfVectorizer,KNeighbors,"{'n_neighbors': 5, 'algorithm': 'brute'}",0.644,0.9073681998997927,4.359517099801451,855.5234375,2845.015625,0.8083511777301927,0.3775,0.5146557600545331,0.5939334637964775,0.9105,0.7189103829451243
3,TfidfVectorizer,KNeighbors,"{'n_neighbors': 7, 'algorithm': 'ball_tree'}",0.64375,0.93474439997226,4.32851850008592,853.64453125,2859.90625,0.8484848484848485,0.35,0.49557522123893805,0.5905511811023622,0.9375,0.7246376811594203
3,TfidfVectorizer,KNeighbors,"{'n_neighbors': 7, 'algorithm': 'kd_tree'}",0.64375,0.9108494999818504,4.324745700228959,859.234375,2776.6953125,0.8484848484848485,0.35,0.49557522123893805,0.5905511811023622,0.9375,0.7246376811594203
3,TfidfVectorizer,KNeighbors,"{'n_neighbors': 7, 'algorithm': 'brute'}",0.64375,0.917380299884826,4.396254499908537,855.28515625,2855.9375,0.8484848484848485,0.35,0.49557522123893805,0.5905511811023622,0.9375,0.7246376811594203
3,TfidfVectorizer,DecisionTree,"{'criterion': 'gini', 'max_features': 'sqrt'}",0.884,2.2600225997157395,0.9615910002030432,859.9921875,851.4765625,0.9008350730688935,0.863,0.881511746680286,0.8685220729366603,0.905,0.8863858961802155
3,TfidfVectorizer,DecisionTree,"{'criterion': 'gini', 'max_features': 'log2'}",0.77875,3.3240167000330985,0.9751967000775039,862.38671875,856.8046875,0.7929584866001052,0.7545,0.7732513451191392,0.765855984740105,0.803,0.7839882841103246
3,TfidfVectorizer,DecisionTree,"{'criterion': 'gini', 'max_features': None}",0.92625,18.503337500151247,1.4534803996793926,865.078125,829.8125,0.9347271800101988,0.9165,0.9255238576117142,0.918097106424718,0.936,0.9269621193364694
3,TfidfVectorizer,DecisionTree,"{'criterion': 'entropy', 'max_features': 'sqrt'}",0.899,2.020480700302869,0.9767880002036691,857.9453125,851.32421875,0.9059003051881994,0.8905,0.8981341401916288,0.8923303834808259,0.9075,0.8998512642538423
3,TfidfVectorizer,DecisionTree,"{'criterion': 'entropy', 'max_features': 'log2'}",0.7875,3.0688974000513554,0.9796165996231139,862.74609375,856.48046875,0.7954779033915724,0.774,0.7845919918905221,0.7799415774099319,0.801,0.7903305377405032
3,TfidfVectorizer,DecisionTree,"{'criterion': 'entropy', 'max_features': None}",0.90575,15.455684799700975,0.9703798000700772,862.78515625,845.66015625,0.9233176838810642,0.885,0.9037528720959919,0.8895823331733077,0.9265,0.9076659319128092
3,TfidfVectorizer,DecisionTree,"{'criterion': 'log_loss', 'max_features': 'sqrt'}",0.899,2.016159599646926,0.9691403000615537,860.12109375,851.3359375,0.9059003051881994,0.8905,0.8981341401916288,0.8923303834808259,0.9075,0.8998512642538423
3,TfidfVectorizer,DecisionTree,"{'criterion': 'log_loss', 'max_features': 'log2'}",0.7875,3.0731343999505043,0.984614800196141,865.17578125,856.47265625,0.7954779033915724,0.774,0.7845919918905221,0.7799415774099319,0.801,0.7903305377405032
3,TfidfVectorizer,DecisionTree,"{'criterion': 'log_loss', 'max_features': None}",0.90575,15.468083600047976,1.426118299830705,862.69921875,845.56640625,0.9233176838810642,0.885,0.9037528720959919,0.8895823331733077,0.9265,0.9076659319128092
3,TfidfVectorizer,GradientBoosting,"{'n_estimators': 100, 'criterion': 'friedman_mse'}",0.79975,18.83262149989605,0.9798343000002205,860.078125,853.99609375,0.9694596711041503,0.619,0.7555691180958194,0.7201615864854939,0.9805,0.8304044039805208
3,TfidfVectorizer,GradientBoosting,"{'n_estimators': 100, 'criterion': 'squared_error'}",0.79975,18.822432999964803,1.4344763001427054,859.49609375,830.046875,0.9694596711041503,0.619,0.7555691180958194,0.7201615864854939,0.9805,0.8304044039805208
3,TfidfVectorizer,GradientBoosting,"{'n_estimators': 150, 'criterion': 'friedman_mse'}",0.82725,27.74805109994486,1.4537337999790907,859.578125,830.52734375,0.9529411764705882,0.6885,0.7994194484760523,0.7561643835616438,0.966,0.848298572996707
3,TfidfVectorizer,GradientBoosting,"{'n_estimators': 150, 'criterion': 'squared_error'}",0.82725,27.75024600001052,0.9831785000860691,860.22265625,854.5859375,0.9529411764705882,0.6885,0.7994194484760523,0.7561643835616438,0.966,0.848298572996707
3,TfidfVectorizer,GradientBoosting,"{'n_estimators': 200, 'criterion': 'friedman_mse'}",0.84075,36.68049480021,0.9880376001819968,859.89453125,830.41796875,0.9552438209752839,0.715,0.8178438661710037,0.7722732720735118,0.9665,0.858538751943149
3,TfidfVectorizer,GradientBoosting,"{'n_estimators': 200, 'criterion': 'squared_error'}",0.84075,36.59379109973088,1.451399200130254,859.921875,830.015625,0.9552438209752839,0.715,0.8178438661710037,0.7722732720735118,0.9665,0.858538751943149
3,TfidfVectorizer,AdaBoost,"{'n_estimators': 50, 'learning_rate': 0.01}",0.58975,7.277843399904668,1.018204000312835,859.109375,829.45703125,0.9944903581267218,0.1805,0.30554380025391453,0.5493538630739621,0.999,0.7088877062267164
3,TfidfVectorizer,AdaBoost,"{'n_estimators': 50, 'learning_rate': 0.1}",0.6795,7.243006800301373,1.016574699897319,858.8203125,829.8359375,0.9711286089238845,0.37,0.5358435916002896,0.6108709079678815,0.989,0.7552500954562811
3,TfidfVectorizer,AdaBoost,"{'n_estimators': 50, 'learning_rate': 1.0}",0.7485,7.267422900069505,1.017897800076753,858.76953125,829.54296875,0.9671052631578947,0.5145,0.6716710182767625,0.6692779291553134,0.9825,0.796191247974068
3,TfidfVectorizer,AdaBoost,"{'n_estimators': 100, 'learning_rate': 0.01}",0.612,13.6387700997293,1.039321799762547,858.5546875,829.51171875,0.9628099173553719,0.233,0.3752012882447665,0.5637087599544938,0.991,0.7186366932559826
3,TfidfVectorizer,AdaBoost,"{'n_estimators': 100, 'learning_rate': 0.1}",0.725,13.664572299923748,1.049723300151527,858.44921875,829.57421875,0.9527162977867203,0.4735,0.6325985303941216,0.6497005988023952,0.9765,0.7802636835797043
3,TfidfVectorizer,AdaBoost,"{'n_estimators': 100, 'learning_rate': 1.0}",0.82025,13.638446400407702,1.0392076997086406,858.609375,829.5625,0.9685442574981712,0.662,0.7864567864567864,0.7432586403342195,0.9785,0.8448089790632419
3,TfidfVectorizer,AdaBoost,"{'n_estimators': 150, 'learning_rate': 0.01}",0.63375,20.05407930025831,1.0802302998490632,858.5078125,851.3046875,0.968476357267951,0.2765,0.4301828082458187,0.5780110819480898,0.991,0.7301528826671578
3,TfidfVectorizer,AdaBoost,"{'n_estimators': 150, 'learning_rate': 0.1}",0.755,20.06953029986471,1.0887429001741111,858.62109375,847.6328125,0.961121157323689,0.5315,0.6844816484224082,0.6762266758811334,0.9785,0.7997548017981202
3,TfidfVectorizer,AdaBoost,"{'n_estimators': 150, 'learning_rate': 1.0}",0.845,20.02851019985974,1.0927046998403966,858.51953125,851.375,0.9394904458598726,0.7375,0.8263305322128851,0.7839506172839507,0.9525,0.8600451467268623
3,TfidfVectorizer,SGD,"{'alpha': 0.0001, 'penalty': 'l2'}",0.9575,0.9301208998076618,1.4115496999584138,858.25,829.25390625,0.9635258358662614,0.951,0.9572219426270759,0.9516288252714709,0.964,0.9577744659711873
3,TfidfVectorizer,SGD,"{'alpha': 0.0001, 'penalty': 'l1'}",0.94525,0.9511778000742197,0.9594152001664042,858.484375,849.9765625,0.9380226266601082,0.9535,0.9456979915695513,0.9527198779867819,0.937,0.9447945550794051
3,TfidfVectorizer,SGD,"{'alpha': 0.0001, 'penalty': 'elasticnet'}",0.95725,0.9669031999073923,1.4256867999210954,858.30078125,829.32421875,0.9597787833081951,0.9545,0.957132113311607,0.9547488811536549,0.96,0.9573672400897532
3,TfidfVectorizer,SGD,"{'alpha': 0.001, 'penalty': 'l2'}",0.937,0.9392955997027457,0.9838957004249096,858.4765625,849.93359375,0.9500514933058702,0.9225,0.9360730593607306,0.9246841593780369,0.9515,0.9379004435682602
3,TfidfVectorizer,SGD,"{'alpha': 0.001, 'penalty': 'l1'}",0.79875,0.9723900998942554,0.9704668996855617,858.29296875,858.28515625,0.9585571757482733,0.6245,0.7562821677263094,0.721542454579162,0.973,0.8286140089418778
3,TfidfVectorizer,SGD,"{'alpha': 0.001, 'penalty': 'elasticnet'}",0.92225,1.0335471997968853,0.9957109000533819,858.38671875,829.1875,0.9391575663026521,0.903,0.9207239357634464,0.9065960519980741,0.9415,0.9237184204071621
3,TfidfVectorizer,SGD,"{'alpha': 0.01, 'penalty': 'l2'}",0.8805,0.9200794999487698,0.9642984997481108,857.984375,857.9765625,0.9487028301886793,0.8045,0.8706709956709957,0.8302951388888888,0.9565,0.8889405204460966
3,TfidfVectorizer,SGD,"{'alpha': 0.01, 'penalty': 'l1'}",0.5,0.9248335999436677,1.4344983999617398,858.23828125,829.31640625,0.5,1.0,0.6666666666666666,0.0,0.0,0.0
3,TfidfVectorizer,SGD,"{'alpha': 0.01, 'penalty': 'elasticnet'}",0.7745,0.940440199803561,0.9739518999122083,858.0546875,858.05078125,0.7171677215189873,0.9065,0.8007950530035336,0.8729619565217391,0.6425,0.7402073732718893
3,CountVectorizer,RandomForest,"{'n_estimators': 50, 'criterion': 'gini'}",0.94225,55.41051730001345,1.1913992995396256,858.23828125,633.21484375,0.9647924330005255,0.918,0.940814757878555,0.921793037672866,0.9665,0.9436172809372712
3,CountVectorizer,RandomForest,"{'n_estimators': 50, 'criterion': 'entropy'}",0.94275,51.061203399673104,1.1995946001261473,645.41796875,624.13671875,0.9580962234868081,0.926,0.9417747266717519,0.9283986453797775,0.9595,0.943693139906565
3,CountVectorizer,RandomForest,"{'n_estimators': 50, 'criterion': 'log_loss'}",0.94275,50.942511700093746,1.2090821000747383,634.140625,624.09765625,0.9580962234868081,0.926,0.9417747266717519,0.9283986453797775,0.9595,0.943693139906565
3,CountVectorizer,RandomForest,"{'n_estimators': 100, 'criterion': 'gini'}",0.94375,109.61054829973727,0.7170669999904931,781.80078125,779.87109375,0.9658792650918635,0.92,0.942381562099872,0.9236276849642004,0.9675,0.945054945054945
3,CountVectorizer,RandomForest,"{'n_estimators': 100, 'criterion': 'entropy'}",0.94725,100.59464829973876,0.722165200393647,788.1875,767.44140625,0.9646753246753247,0.9285,0.9462420382165605,0.9310843373493976,0.966,0.9482208588957055
3,CountVectorizer,RandomForest,"{'n_estimators': 100, 'criterion': 'log_loss'}",0.94725,100.67105109989643,0.7179891001433134,773.9375,766.57421875,0.9646753246753247,0.9285,0.9462420382165605,0.9310843373493976,0.966,0.9482208588957055
3,CountVectorizer,RandomForest,"{'n_estimators': 150, 'criterion': 'gini'}",0.9445,163.26545439986512,0.829834199976176,927.37109375,903.97265625,0.9674027339642481,0.92,0.9431060994361866,0.9237368922783603,0.969,0.9458272327964861
3,CountVectorizer,RandomForest,"{'n_estimators': 150, 'criterion': 'entropy'}",0.948,149.86359110008925,0.8252151003107429,937.02734375,900.36328125,0.9652128764278297,0.9295,0.9470198675496688,0.9320154291224687,0.9665,0.9489445262641139
3,CountVectorizer,RandomForest,"{'n_estimators': 150, 'criterion': 'log_loss'}",0.948,149.85031710006297,0.8372657997533679,908.234375,872.171875,0.9652128764278297,0.9295,0.9470198675496688,0.9320154291224687,0.9665,0.9489445262641139
3,CountVectorizer,SVC,"{'C': 0.1, 'kernel': 'linear'}",0.95725,109.24877860024571,2.4408388999290764,1178.3359375,909.55859375,0.9721218378936499,0.9415,0.9565659131318263,0.9432864760058167,0.973,0.9579128722618755
3,CountVectorizer,SVC,"{'C': 0.1, 'kernel': 'rbf'}",0.92225,214.72039330005646,9.310111400205642,1143.734375,920.3671875,0.89891355692017,0.9515,0.9244595579305319,0.9484864577801381,0.893,0.9199072881792428
3,CountVectorizer,SVC,"{'C': 0.1, 'kernel': 'sigmoid'}",0.95325,131.11457780003548,4.8048640000633895,1142.4375,915.4375,0.964633521271143,0.941,0.9526702100733991,0.9424109321620303,0.9655,0.9538157569770314
3,CountVectorizer,SVC,"{'C': 1, 'kernel': 'linear'}",0.95575,123.83255429985002,1.5278574000112712,1245.546875,910.53515625,0.9691199176531138,0.9415,0.9551103220897793,0.9431210500729217,0.97,0.9563717032289869
3,CountVectorizer,SVC,"{'C': 1, 'kernel': 'rbf'}",0.955,352.58605570020154,6.4513379000127316,1201.078125,913.52734375,0.9582074521651561,0.9515,0.9548419468138485,0.951837140019861,0.9585,0.9551569506726457
3,CountVectorizer,SVC,"{'C': 1, 'kernel': 'sigmoid'}",0.953,113.95605240017176,2.259846500121057,1152.48828125,909.14453125,0.9598984771573604,0.9455,0.9526448362720403,0.9463054187192118,0.9605,0.9533498759305211
3,CountVectorizer,SVC,"{'C': 10, 'kernel': 'linear'}",0.9525,116.70287200016901,1.2314764996990561,1254.0078125,906.94921875,0.9708636836628513,0.933,0.9515553289138194,0.9355149181905679,0.972,0.9534085335948994
3,CountVectorizer,SVC,"{'C': 10, 'kernel': 'rbf'}",0.954,389.98380080005154,6.111179099883884,1154.16796875,913.5859375,0.9544544544544544,0.9535,0.9539769884942472,0.9535464535464535,0.9545,0.9540229885057471
3,CountVectorizer,SVC,"{'C': 10, 'kernel': 'sigmoid'}",0.94,87.321905199904,1.4102489999495447,1151.328125,909.19921875,0.9444444444444444,0.935,0.9396984924623115,0.9356435643564357,0.945,0.9402985074626866
3,CountVectorizer,MultinomialNB,{'alpha': 0.01},0.92375,0.9816707000136375,1.8889264999888837,907.703125,873.63671875,0.9181055747409965,0.9305,0.924261236652595,0.9295489102889002,0.917,0.9232318147495595
3,CountVectorizer,MultinomialNB,{'alpha': 0.1},0.9505,0.9647412998601794,1.8804583000019193,905.734375,872.28515625,0.955050505050505,0.9455,0.950251256281407,0.946039603960396,0.9555,0.9507462686567164
3,CountVectorizer,MultinomialNB,{'alpha': 1.0},0.9615,0.9580278997309506,1.4405948999337852,904.36328125,871.9140625,0.9728483606557377,0.9495,0.9610323886639676,0.95068359375,0.9735,0.9619565217391305
3,CountVectorizer,LogisticRegression,"{'C': 0.1, 'penalty': 'l2'}",0.9565,1.0247033000923693,1.8835097001865506,912.6796875,871.2265625,0.9672466734902764,0.945,0.9559939301972686,0.946236559139785,0.968,0.9569945625308948
3,CountVectorizer,LogisticRegression,"{'C': 1, 'penalty': 'l2'}",0.96025,1.0777392000891268,1.4376852000132203,912.203125,870.83203125,0.9727786337955829,0.947,0.9597162401824171,0.948368241597662,0.9735,0.9607698001480385
3,CountVectorizer,LogisticRegression,"{'C': 10, 'penalty': 'l2'}",0.9595,1.1038756999187171,0.964223500341177,912.359375,870.5859375,0.9737113402061855,0.9445,0.9588832487309644,0.9461165048543689,0.9745,0.9600985221674877
3,CountVectorizer,KNeighbors,"{'n_neighbors': 3, 'algorithm': 'ball_tree'}",0.8295,0.901963799726218,4.5640968000516295,902.57421875,2856.5078125,0.9113607990012484,0.73,0.8106607440310938,0.7748123436196831,0.929,0.8449295134151887
3,CountVectorizer,KNeighbors,"{'n_neighbors': 3, 'algorithm': 'kd_tree'}",0.8295,0.9112350000068545,4.505610099993646,901.73828125,2899.140625,0.9113607990012484,0.73,0.8106607440310938,0.7748123436196831,0.929,0.8449295134151887
3,CountVectorizer,KNeighbors,"{'n_neighbors': 3, 'algorithm': 'brute'}",0.8295,0.8993565998971462,4.606174800079316,900.625,2820.51171875,0.9113607990012484,0.73,0.8106607440310938,0.7748123436196831,0.929,0.8449295134151887
3,CountVectorizer,KNeighbors,"{'n_neighbors': 5, 'algorithm': 'ball_tree'}",0.8295,0.9070974998176098,4.509796999860555,900.78515625,2923.83203125,0.926261319534282,0.716,0.8076706147772138,0.7685411572942136,0.943,0.8468792096991469
3,CountVectorizer,KNeighbors,"{'n_neighbors': 5, 'algorithm': 'kd_tree'}",0.8295,0.9032017001882195,4.612908899784088,900.75390625,2784.9765625,0.926261319534282,0.716,0.8076706147772138,0.7685411572942136,0.943,0.8468792096991469
3,CountVectorizer,KNeighbors,"{'n_neighbors': 5, 'algorithm': 'brute'}",0.8295,0.9086353997699916,4.522572800051421,901.77734375,2888.69140625,0.926261319534282,0.716,0.8076706147772138,0.7685411572942136,0.943,0.8468792096991469
3,CountVectorizer,KNeighbors,"{'n_neighbors': 7, 'algorithm': 'ball_tree'}",0.82325,0.9171056998893619,4.629144700244069,900.50390625,2797.3515625,0.9295681063122924,0.6995,0.7982881597717546,0.7591182364729459,0.947,0.842714126807564
3,CountVectorizer,KNeighbors,"{'n_neighbors': 7, 'algorithm': 'kd_tree'}",0.82325,0.911555000115186,4.5120008001104,900.34375,2920.5390625,0.9295681063122924,0.6995,0.7982881597717546,0.7591182364729459,0.947,0.842714126807564
3,CountVectorizer,KNeighbors,"{'n_neighbors': 7, 'algorithm': 'brute'}",0.82325,0.9055197997950017,4.612522600218654,900.2734375,2896.28125,0.9295681063122924,0.6995,0.7982881597717546,0.7591182364729459,0.947,0.842714126807564
3,CountVectorizer,DecisionTree,"{'criterion': 'gini', 'max_features': 'sqrt'}",0.8895,2.392086799722165,0.9690902000293136,904.81640625,892.41015625,0.9044652128764278,0.871,0.8874172185430463,0.875602700096432,0.908,0.8915071183112421
3,CountVectorizer,DecisionTree,"{'criterion': 'gini', 'max_features': 'log2'}",0.80325,3.960443399846554,1.4367380002513528,911.640625,877.25,0.8248527048741296,0.77,0.7964830618050168,0.784341303328645,0.8365,0.8095814178562787
3,CountVectorizer,DecisionTree,"{'criterion': 'gini', 'max_features': None}",0.921,11.486112700309604,1.4495461997576058,912.26171875,870.59375,0.9248234106962664,0.9165,0.9206428930185836,0.9172447968285431,0.9255,0.9213539074166252
3,CountVectorizer,DecisionTree,"{'criterion': 'entropy', 'max_features': 'sqrt'}",0.9065,2.212182800285518,1.4199979999102652,909.12109375,873.421875,0.9221183800623053,0.888,0.9047376464595007,0.8919961427193829,0.925,0.9081983308787432
3,CountVectorizer,DecisionTree,"{'criterion': 'entropy', 'max_features': 'log2'}",0.796,3.9013958000577986,0.9828928001224995,912.05078125,876.51171875,0.8119072708113804,0.7705,0.7906618778860954,0.7816365366317792,0.8215,0.8010726474890297
3,CountVectorizer,DecisionTree,"{'criterion': 'entropy', 'max_features': None}",0.92125,9.012446099892259,0.9856242998503149,911.60546875,886.51171875,0.9313876088069637,0.9095,0.9203136858082469,0.9115779189057157,0.933,0.9221645663454411
3,CountVectorizer,DecisionTree,"{'criterion': 'log_loss', 'max_features': 'sqrt'}",0.9065,2.2056954000145197,1.4165198002010584,909.01953125,891.9453125,0.9221183800623053,0.888,0.9047376464595007,0.8919961427193829,0.925,0.9081983308787432
3,CountVectorizer,DecisionTree,"{'criterion': 'log_loss', 'max_features': 'log2'}",0.796,3.9569799001328647,1.4558063996955752,911.40625,876.55078125,0.8119072708113804,0.7705,0.7906618778860954,0.7816365366317792,0.8215,0.8010726474890297
3,CountVectorizer,DecisionTree,"{'criterion': 'log_loss', 'max_features': None}",0.92125,8.970875099767,1.4190643997862935,911.67578125,870.48046875,0.9313876088069637,0.9095,0.9203136858082469,0.9115779189057157,0.933,0.9221645663454411
3,CountVectorizer,GradientBoosting,"{'n_estimators': 100, 'criterion': 'friedman_mse'}",0.79875,8.092944600153714,1.4512716000899673,910.984375,870.78515625,0.9686274509803922,0.6175,0.7541984732824427,0.7192660550458716,0.98,0.8296296296296296
3,CountVectorizer,GradientBoosting,"{'n_estimators': 100, 'criterion': 'squared_error'}",0.79875,8.081405700184405,0.9703291999176145,910.5234375,894.97265625,0.9686274509803922,0.6175,0.7541984732824427,0.7192660550458716,0.98,0.8296296296296296
3,CountVectorizer,GradientBoosting,"{'n_estimators': 150, 'criterion': 'friedman_mse'}",0.82675,11.639505200088024,1.4324028003029525,910.03515625,870.3671875,0.9554006968641114,0.6855,0.7982532751091703,0.754775828460039,0.968,0.8481927710843373
3,CountVectorizer,GradientBoosting,"{'n_estimators': 150, 'criterion': 'squared_error'}",0.82675,11.69655800005421,0.9801228996366262,908.96484375,870.03515625,0.9554006968641114,0.6855,0.7982532751091703,0.754775828460039,0.968,0.8481927710843373
3,CountVectorizer,GradientBoosting,"{'n_estimators': 200, 'criterion': 'friedman_mse'}",0.83875,15.188732499722391,0.9886854998767376,909.4296875,870.0859375,0.9562289562289562,0.71,0.8149210903873745,0.7693836978131213,0.9675,0.8571428571428571
3,CountVectorizer,GradientBoosting,"{'n_estimators': 200, 'criterion': 'squared_error'}",0.83875,15.145542099606246,0.9796055001206696,908.69921875,870.14453125,0.9562289562289562,0.71,0.8149210903873745,0.7693836978131213,0.9675,0.8571428571428571
3,CountVectorizer,AdaBoost,"{'n_estimators': 50, 'learning_rate': 0.01}",0.58975,5.12234180001542,1.0007110997103155,907.14453125,870.3515625,0.9944903581267218,0.1805,0.30554380025391453,0.5493538630739621,0.999,0.7088877062267164
3,CountVectorizer,AdaBoost,"{'n_estimators': 50, 'learning_rate': 0.1}",0.6795,5.164314799942076,1.022225399967283,907.23046875,870.07421875,0.9711286089238845,0.37,0.5358435916002896,0.6108709079678815,0.989,0.7552500954562811
3,CountVectorizer,AdaBoost,"{'n_estimators': 50, 'learning_rate': 1.0}",0.74225,5.150782700162381,1.0101421996951103,907.21484375,870.0,0.9690222652468539,0.5005,0.6600725354434553,0.6632962588473206,0.984,0.7924300382524663
3,CountVectorizer,AdaBoost,"{'n_estimators': 100, 'learning_rate': 0.01}",0.612,9.478118599858135,1.0519166998565197,907.2734375,869.8984375,0.9628099173553719,0.233,0.3752012882447665,0.5637087599544938,0.991,0.7186366932559826
3,CountVectorizer,AdaBoost,"{'n_estimators': 100, 'learning_rate': 0.1}",0.72525,9.419263700023293,1.0499374996870756,907.30859375,870.140625,0.9527638190954774,0.474,0.6330550918196995,0.6499168053244593,0.9765,0.7804195804195804
3,CountVectorizer,AdaBoost,"{'n_estimators': 100, 'learning_rate': 1.0}",0.82325,9.395383400376886,1.0473098000511527,907.48046875,870.01953125,0.9667870036101083,0.6695,0.7911373707533235,0.7472275334608031,0.977,0.8468039003250271
3,CountVectorizer,AdaBoost,"{'n_estimators': 150, 'learning_rate': 0.01}",0.6335,13.696085200179368,1.0845778002403677,907.48828125,869.609375,0.968421052631579,0.276,0.42957198443579764,0.5778425655976677,0.991,0.7300184162062615
3,CountVectorizer,AdaBoost,"{'n_estimators': 150, 'learning_rate': 0.1}",0.75575,13.701396499760449,1.0767108998261392,907.31640625,869.98046875,0.962059620596206,0.5325,0.6855487608625684,0.6768060836501901,0.979,0.8003269977518904
3,CountVectorizer,AdaBoost,"{'n_estimators': 150, 'learning_rate': 1.0}",0.8525,13.696496500167996,1.081095399800688,907.3828125,869.8125,0.9462025316455697,0.7475,0.835195530726257,0.7913223140495868,0.9575,0.8665158371040724
3,CountVectorizer,SGD,"{'alpha': 0.0001, 'penalty': 'l2'}",0.95675,0.9331530001945794,1.4353960999287665,902.12890625,869.65625,0.9716055756324212,0.941,0.9560579121158242,0.9428017450315075,0.9725,0.9574206251538272
3,CountVectorizer,SGD,"{'alpha': 0.0001, 'penalty': 'l1'}",0.95125,1.0041024000383914,1.4309656000696123,902.34375,869.6484375,0.9611650485436893,0.9405,0.9507202426080363,0.9417523250122369,0.962,0.9517684887459807
3,CountVectorizer,SGD,"{'alpha': 0.0001, 'penalty': 'elasticnet'}",0.954,0.9785123998299241,0.9702175999991596,902.41796875,898.0078125,0.9704663212435233,0.9365,0.9531806615776082,0.938647342995169,0.9715,0.9547911547911548
3,CountVectorizer,SGD,"{'alpha': 0.001, 'penalty': 'l2'}",0.95425,0.9290330000221729,1.4287654999643564,902.43359375,869.62109375,0.9651817716333846,0.9425,0.9537060460409815,0.9438202247191011,0.966,0.9547813194959229
3,CountVectorizer,SGD,"{'alpha': 0.001, 'penalty': 'l1'}",0.85525,0.9699336001649499,0.9746828000061214,902.49609375,898.0859375,0.9361571516267649,0.7625,0.8404519151281344,0.799662589624631,0.948,0.8675360329444063
3,CountVectorizer,SGD,"{'alpha': 0.001, 'penalty': 'elasticnet'}",0.9395,0.9831741000525653,1.436598100233823,902.5,869.6875,0.9530927835051546,0.9245,0.9385786802030457,0.9266990291262136,0.9545,0.9403940886699508
3,CountVectorizer,SGD,"{'alpha': 0.01, 'penalty': 'l2'}",0.91,0.9300754000432789,1.4328316999599338,901.89453125,869.61328125,0.9456521739130435,0.87,0.90625,0.8796296296296297,0.95,0.9134615384615384
3,CountVectorizer,SGD,"{'alpha': 0.01, 'penalty': 'l1'}",0.64425,0.9469698001630604,0.9771670000627637,902.4375,898.02734375,0.9046283309957924,0.3225,0.475488389237007,0.5877700030422878,0.966,0.7308492528844335
3,CountVectorizer,SGD,"{'alpha': 0.01, 'penalty': 'elasticnet'}",0.82925,0.9646767997182906,1.4256521998904645,902.33984375,869.5234375,0.9358041032428855,0.707,0.805468527485047,0.7645640819606268,0.9515,0.8478503007351303
5,TfidfVectorizer,RandomForest,"{'n_estimators': 50, 'criterion': 'gini'}",0.94,49.612844499759376,1.2071446999907494,903.99609375,617.96875,0.9480651731160896,0.931,0.9394550958627649,0.9322200392927309,0.949,0.9405351833498513
5,TfidfVectorizer,RandomForest,"{'n_estimators': 50, 'criterion': 'entropy'}",0.94925,45.13259950000793,1.2080169999971986,628.8671875,606.453125,0.9614791987673343,0.936,0.9485685330630859,0.9376522162688748,0.9625,0.9499136442141624
5,TfidfVectorizer,RandomForest,"{'n_estimators': 50, 'criterion': 'log_loss'}",0.94925,45.21222620038316,1.1963883000425994,617.94921875,594.96484375,0.9614791987673343,0.936,0.9485685330630859,0.9376522162688748,0.9625,0.9499136442141624
5,TfidfVectorizer,RandomForest,"{'n_estimators': 100, 'criterion': 'gini'}",0.9425,98.23920260043815,0.7154526999220252,755.37890625,756.13671875,0.9552469135802469,0.9285,0.941683569979716,0.9304474708171206,0.9565,0.9432938856015779
5,TfidfVectorizer,RandomForest,"{'n_estimators': 100, 'criterion': 'entropy'}",0.9475,89.29696079995483,0.7209779000841081,766.77734375,733.4140625,0.9594455852156057,0.9345,0.9468085106382979,0.9361598440545809,0.9605,0.9481737413622903
5,TfidfVectorizer,RandomForest,"{'n_estimators': 100, 'criterion': 'log_loss'}",0.9475,89.60043649980798,0.7199756000190973,741.328125,734.453125,0.9594455852156057,0.9345,0.9468085106382979,0.9361598440545809,0.9605,0.9481737413622903
5,TfidfVectorizer,RandomForest,"{'n_estimators': 150, 'criterion': 'gini'}",0.945,147.21981720020995,0.8318316000513732,886.1484375,884.37109375,0.9573484069886947,0.9315,0.9442473390775469,0.9333008763388511,0.9585,0.9457326097681302
5,TfidfVectorizer,RandomForest,"{'n_estimators': 150, 'criterion': 'entropy'}",0.948,134.10818749992177,0.837610200047493,900.80859375,848.84375,0.9609053497942387,0.934,0.947261663286004,0.9357976653696498,0.962,0.9487179487179487
5,TfidfVectorizer,RandomForest,"{'n_estimators': 150, 'criterion': 'log_loss'}",0.948,134.25200759992003,0.8373067998327315,856.57421875,855.02734375,0.9609053497942387,0.934,0.947261663286004,0.9357976653696498,0.962,0.9487179487179487
5,TfidfVectorizer,SVC,"{'C': 0.1, 'kernel': 'linear'}",0.95825,138.62896130001172,4.960975100286305,1109.23828125,875.7265625,0.9640506329113924,0.952,0.9579874213836478,0.9525925925925925,0.9645,0.9585093167701864
5,TfidfVectorizer,SVC,"{'C': 0.1, 'kernel': 'rbf'}",0.9515,207.3331963000819,9.301377600058913,1111.6328125,879.046875,0.9569838056680162,0.9455,0.9512072434607646,0.9461462450592886,0.9575,0.9517892644135189
5,TfidfVectorizer,SVC,"{'C': 0.1, 'kernel': 'sigmoid'}",0.95775,148.75901979999617,5.185584000311792,1096.55859375,876.328125,0.9630753667172484,0.952,0.9575056575308021,0.9525457241720218,0.9635,0.9579915485955754
5,TfidfVectorizer,SVC,"{'C': 1, 'kernel': 'linear'}",0.95875,148.6229877001606,2.543116199783981,1175.35546875,871.08203125,0.9712378017462763,0.9455,0.9581960983025082,0.9469069654164637,0.972,0.9592894152479645
5,TfidfVectorizer,SVC,"{'C': 1, 'kernel': 'rbf'}",0.9605,326.16869849991053,5.901632799766958,1139.2734375,870.5859375,0.9708588957055214,0.9495,0.9600606673407482,0.950587084148728,0.9715,0.9609297725024728
5,TfidfVectorizer,SVC,"{'C': 1, 'kernel': 'sigmoid'}",0.9575,234.91850779997185,2.4288895996287465,1130.1171875,864.25,0.9716494845360825,0.9425,0.9568527918781726,0.9441747572815534,0.9725,0.958128078817734
5,TfidfVectorizer,SVC,"{'C': 10, 'kernel': 'linear'}",0.95575,163.67627319972962,1.7181904003955424,1226.40234375,862.3828125,0.9754825247782994,0.935,0.9548123563952005,0.9375900144023044,0.9765,0.9566495224099927
5,TfidfVectorizer,SVC,"{'C': 10, 'kernel': 'rbf'}",0.96025,454.8237316003069,5.939627499785274,1124.34375,866.9765625,0.9737519300051467,0.946,0.9596753740806493,0.9474963539134662,0.9745,0.9608084791718018
5,TfidfVectorizer,SVC,"{'C': 10, 'kernel': 'sigmoid'}",0.94925,545.8322480996139,1.3398278998211026,1140.8359375,862.80078125,0.9648215209518882,0.9325,0.9483854563946097,0.9346879535558781,0.966,0.9500860585197934
5,TfidfVectorizer,MultinomialNB,{'alpha': 0.01},0.897,0.961871899664402,1.4197710999287665,860.41796875,832.6328125,0.8985943775100401,0.895,0.8967935871743486,0.8954183266932271,0.899,0.8972055888223552
5,TfidfVectorizer,MultinomialNB,{'alpha': 0.1},0.931,0.960011400282383,0.970650099683553,858.91796875,859.07421875,0.9461697722567288,0.914,0.9298067141403866,0.9168278529980658,0.948,0.9321533923303835
5,TfidfVectorizer,MultinomialNB,{'alpha': 1.0},0.948,0.9759047999978065,1.4342767000198364,858.7734375,831.28125,0.9735729386892178,0.921,0.94655704008222,0.9250474383301708,0.975,0.9493670886075949
5,TfidfVectorizer,LogisticRegression,"{'C': 0.1, 'penalty': 'l2'}",0.95025,0.9971984000876546,0.9671910996548831,856.88671875,830.58984375,0.9550277918140475,0.945,0.9499874340286504,0.9455714992577932,0.9555,0.9505098234270082
5,TfidfVectorizer,LogisticRegression,"{'C': 1, 'penalty': 'l2'}",0.95725,1.0121335997246206,0.9803324001841247,858.87109375,829.93359375,0.962569549822964,0.9515,0.9570027659039477,0.9520514087988137,0.963,0.9574944071588367
5,TfidfVectorizer,LogisticRegression,"{'C': 10, 'penalty': 'l2'}",0.9605,1.0180684998631477,1.4263256001286209,856.26171875,829.6875,0.9698979591836735,0.9505,0.9601010101010101,0.9514705882352941,0.9705,0.9608910891089109
5,TfidfVectorizer,KNeighbors,"{'n_neighbors': 3, 'algorithm': 'ball_tree'}",0.6505,0.9045508000999689,4.325039699673653,858.21875,2852.26953125,0.7751371115173674,0.424,0.5481577246283129,0.6035788024776325,0.877,0.7150428047289034
5,TfidfVectorizer,KNeighbors,"{'n_neighbors': 3, 'algorithm': 'kd_tree'}",0.6505,0.9111334001645446,4.294342200271785,857.90625,2810.6875,0.7751371115173674,0.424,0.5481577246283129,0.6035788024776325,0.877,0.7150428047289034
5,TfidfVectorizer,KNeighbors,"{'n_neighbors': 3, 'algorithm': 'brute'}",0.6505,0.9203881002031267,4.372627600096166,857.58203125,2840.15625,0.7751371115173674,0.424,0.5481577246283129,0.6035788024776325,0.877,0.7150428047289034
5,TfidfVectorizer,KNeighbors,"{'n_neighbors': 5, 'algorithm': 'ball_tree'}",0.644,1.0445170998573303,4.305153000168502,857.375,2839.0,0.8083511777301927,0.3775,0.5146557600545331,0.5939334637964775,0.9105,0.7189103829451243
5,TfidfVectorizer,KNeighbors,"{'n_neighbors': 5, 'algorithm': 'kd_tree'}",0.644,0.9047757000662386,4.328150500077754,855.15625,2812.67578125,0.8083511777301927,0.3775,0.5146557600545331,0.5939334637964775,0.9105,0.7189103829451243
5,TfidfVectorizer,KNeighbors,"{'n_neighbors': 5, 'algorithm': 'brute'}",0.644,0.9172972999513149,4.432057499885559,857.75,2854.7734375,0.8083511777301927,0.3775,0.5146557600545331,0.5939334637964775,0.9105,0.7189103829451243
5,TfidfVectorizer,KNeighbors,"{'n_neighbors': 7, 'algorithm': 'ball_tree'}",0.64375,0.9114664001390338,4.350685399957001,857.42578125,2864.38671875,0.8484848484848485,0.35,0.49557522123893805,0.5905511811023622,0.9375,0.7246376811594203
5,TfidfVectorizer,KNeighbors,"{'n_neighbors': 7, 'algorithm': 'kd_tree'}",0.64375,0.9139459999278188,4.320077999960631,857.79296875,2859.94921875,0.8484848484848485,0.35,0.49557522123893805,0.5905511811023622,0.9375,0.7246376811594203
5,TfidfVectorizer,KNeighbors,"{'n_neighbors': 7, 'algorithm': 'brute'}",0.64375,0.9074566001072526,4.425591100007296,857.41796875,2832.140625,0.8484848484848485,0.35,0.49557522123893805,0.5905511811023622,0.9375,0.7246376811594203
5,TfidfVectorizer,DecisionTree,"{'criterion': 'gini', 'max_features': 'sqrt'}",0.8745,2.2669456996954978,0.9704534001648426,859.91796875,851.4296875,0.8809766022380467,0.866,0.8734241048915784,0.8682399213372665,0.883,0.8755577590480912
5,TfidfVectorizer,DecisionTree,"{'criterion': 'gini', 'max_features': 'log2'}",0.7805,3.0468679000623524,1.4491236000321805,863.91796875,835.640625,0.8006430868167203,0.747,0.7728918779099845,0.7628865979381443,0.814,0.787614900822448
5,TfidfVectorizer,DecisionTree,"{'criterion': 'gini', 'max_features': None}",0.9235,18.416674400214106,0.9824007996357977,867.53515625,844.86328125,0.9330265848670757,0.9125,0.9226491405460061,0.9143835616438356,0.9345,0.9243323442136498
5,TfidfVectorizer,DecisionTree,"{'criterion': 'entropy', 'max_features': 'sqrt'}",0.88375,2.1705526001751423,0.9695858997292817,859.73828125,851.44921875,0.9093333333333333,0.8525,0.88,0.8611764705882353,0.915,0.8872727272727273
5,TfidfVectorizer,DecisionTree,"{'criterion': 'entropy', 'max_features': 'log2'}",0.80075,2.9554221997968853,0.9939410001970828,864.26171875,856.6953125,0.8064187468160978,0.7915,0.7988897300025234,0.7952871870397643,0.81,0.8025761704235819
5,TfidfVectorizer,DecisionTree,"{'criterion': 'entropy', 'max_features': None}",0.904,15.61817350005731,0.9852641997858882,867.41015625,845.59375,0.9177869700103413,0.8875,0.9023894255210981,0.8910939012584704,0.9205,0.9055582882439744
5,TfidfVectorizer,DecisionTree,"{'criterion': 'log_loss', 'max_features': 'sqrt'}",0.88375,2.168576099909842,1.4347816002555192,864.7421875,832.54296875,0.9093333333333333,0.8525,0.88,0.8611764705882353,0.915,0.8872727272727273
5,TfidfVectorizer,DecisionTree,"{'criterion': 'log_loss', 'max_features': 'log2'}",0.80075,2.9609043998643756,1.4418783001601696,864.28515625,835.390625,0.8064187468160978,0.7915,0.7988897300025234,0.7952871870397643,0.81,0.8025761704235819
5,TfidfVectorizer,DecisionTree,"{'criterion': 'log_loss', 'max_features': None}",0.904,15.668275500182062,0.9815743998624384,866.2578125,845.05859375,0.9177869700103413,0.8875,0.9023894255210981,0.8910939012584704,0.9205,0.9055582882439744
5,TfidfVectorizer,GradientBoosting,"{'n_estimators': 100, 'criterion': 'friedman_mse'}",0.79975,19.082173000089824,1.4481192003004253,863.2578125,829.6484375,0.9694596711041503,0.619,0.7555691180958194,0.7201615864854939,0.9805,0.8304044039805208
5,TfidfVectorizer,GradientBoosting,"{'n_estimators': 100, 'criterion': 'squared_error'}",0.79975,19.015985599718988,0.9804332996718585,863.1328125,854.18359375,0.9694596711041503,0.619,0.7555691180958194,0.7201615864854939,0.9805,0.8304044039805208
5,TfidfVectorizer,GradientBoosting,"{'n_estimators': 150, 'criterion': 'friedman_mse'}",0.82725,27.76632050005719,1.4455901999026537,863.44140625,829.98046875,0.9529411764705882,0.6885,0.7994194484760523,0.7561643835616438,0.966,0.848298572996707
5,TfidfVectorizer,GradientBoosting,"{'n_estimators': 150, 'criterion': 'squared_error'}",0.82725,27.98776359995827,1.4503946998156607,863.2421875,829.65625,0.9529411764705882,0.6885,0.7994194484760523,0.7561643835616438,0.966,0.848298572996707
5,TfidfVectorizer,GradientBoosting,"{'n_estimators': 200, 'criterion': 'friedman_mse'}",0.84025,36.785888199694455,0.9826275003142655,863.5390625,829.2578125,0.9551839464882943,0.714,0.8171673819742489,0.7716566866267465,0.9665,0.858157602663707
5,TfidfVectorizer,GradientBoosting,"{'n_estimators': 200, 'criterion': 'squared_error'}",0.84025,36.98373429989442,1.4611466000787914,863.1171875,829.5390625,0.9551839464882943,0.714,0.8171673819742489,0.7716566866267465,0.9665,0.858157602663707
5,TfidfVectorizer,AdaBoost,"{'n_estimators': 50, 'learning_rate': 0.01}",0.58975,7.2869645999744534,1.0132710998877883,862.390625,829.4453125,0.9944903581267218,0.1805,0.30554380025391453,0.5493538630739621,0.999,0.7088877062267164
5,TfidfVectorizer,AdaBoost,"{'n_estimators': 50, 'learning_rate': 0.1}",0.6795,7.2751356000080705,1.0156164998188615,862.03125,829.328125,0.9711286089238845,0.37,0.5358435916002896,0.6108709079678815,0.989,0.7552500954562811
5,TfidfVectorizer,AdaBoost,"{'n_estimators': 50, 'learning_rate': 1.0}",0.7485,7.263112099841237,1.0028558997437358,862.25390625,829.296875,0.9671052631578947,0.5145,0.6716710182767625,0.6692779291553134,0.9825,0.796191247974068
5,TfidfVectorizer,AdaBoost,"{'n_estimators': 100, 'learning_rate': 0.01}",0.612,13.680374699644744,1.049111899919808,861.90625,829.34375,0.9628099173553719,0.233,0.3752012882447665,0.5637087599544938,0.991,0.7186366932559826
5,TfidfVectorizer,AdaBoost,"{'n_estimators': 100, 'learning_rate': 0.1}",0.725,13.710747200064361,1.0505488999187946,862.203125,829.34765625,0.9527162977867203,0.4735,0.6325985303941216,0.6497005988023952,0.9765,0.7802636835797043
5,TfidfVectorizer,AdaBoost,"{'n_estimators': 100, 'learning_rate': 1.0}",0.82025,13.703530800063163,1.047466800082475,862.11328125,829.09375,0.9685442574981712,0.662,0.7864567864567864,0.7432586403342195,0.9785,0.8448089790632419
5,TfidfVectorizer,AdaBoost,"{'n_estimators': 150, 'learning_rate': 0.01}",0.63375,20.086989200208336,1.0751794003881514,862.421875,846.71875,0.968476357267951,0.2765,0.4301828082458187,0.5780110819480898,0.991,0.7301528826671578
5,TfidfVectorizer,AdaBoost,"{'n_estimators': 150, 'learning_rate': 0.1}",0.755,20.058479100000113,1.08152320003137,862.09375,853.58203125,0.961121157323689,0.5315,0.6844816484224082,0.6762266758811334,0.9785,0.7997548017981202
5,TfidfVectorizer,AdaBoost,"{'n_estimators': 150, 'learning_rate': 1.0}",0.845,20.076332199852914,1.093289100099355,862.41796875,852.2421875,0.9394904458598726,0.7375,0.8263305322128851,0.7839506172839507,0.9525,0.8600451467268623
5,TfidfVectorizer,SGD,"{'alpha': 0.0001, 'penalty': 'l2'}",0.958,0.9258333002217114,1.4283237997442484,859.5078125,828.68359375,0.9659206510681587,0.9495,0.9576399394856279,0.9503441494591937,0.9665,0.9583539910758553
5,TfidfVectorizer,SGD,"{'alpha': 0.0001, 'penalty': 'l1'}",0.946,0.9574159001931548,0.9758668998256326,859.7109375,851.015625,0.9415841584158415,0.951,0.9462686567164179,0.9505050505050505,0.941,0.9457286432160804
5,TfidfVectorizer,SGD,"{'alpha': 0.0001, 'penalty': 'elasticnet'}",0.95725,0.9739453000947833,0.968885499984026,859.67578125,850.8515625,0.9611699445284921,0.953,0.9570675370323877,0.9533961328705999,0.9615,0.9574309185959672
5,TfidfVectorizer,SGD,"{'alpha': 0.001, 'penalty': 'l2'}",0.93675,0.939124200027436,1.4281013999134302,859.86328125,828.859375,0.9504899432697267,0.9215,0.9357705001269357,0.9238233867054828,0.952,0.9377000738734302
5,TfidfVectorizer,SGD,"{'alpha': 0.001, 'penalty': 'l1'}",0.8095,0.9696955000981688,1.4329770002514124,859.58984375,828.828125,0.952485380116959,0.6515,0.7737529691211401,0.7351823708206687,0.9675,0.8354922279792746
5,TfidfVectorizer,SGD,"{'alpha': 0.001, 'penalty': 'elasticnet'}",0.9205,0.9716175999492407,0.9743391000665724,859.859375,851.0390625,0.9371101871101871,0.9015,0.918960244648318,0.9051059730250481,0.9395,0.92198233562316
5,TfidfVectorizer,SGD,"{'alpha': 0.01, 'penalty': 'l2'}",0.8475,0.9228223999962211,1.4187051998451352,859.56640625,828.61328125,0.7813765182186235,0.965,0.8635346756152126,0.954248366013072,0.73,0.8271954674220963
5,TfidfVectorizer,SGD,"{'alpha': 0.01, 'penalty': 'l1'}",0.5415,0.9432662003673613,0.9737352998927236,859.7109375,850.890625,0.5218076720966894,0.993,0.6841198759903548,0.9278350515463918,0.09,0.1640838650865998
5,TfidfVectorizer,SGD,"{'alpha': 0.01, 'penalty': 'elasticnet'}",0.665,0.9364216001704335,0.9607382998801768,859.51953125,850.6953125,0.6,0.99,0.7471698113207547,0.9714285714285714,0.34,0.5037037037037037
5,CountVectorizer,RandomForest,"{'n_estimators': 50, 'criterion': 'gini'}",0.9405,54.99898920021951,1.2049191002734005,860.50390625,631.1484375,0.9612565445026178,0.918,0.9391304347826087,0.9215311004784689,0.963,0.9418092909535453
5,CountVectorizer,RandomForest,"{'n_estimators': 50, 'criterion': 'entropy'}",0.94475,50.36767410021275,1.1894922000356019,642.41015625,622.37890625,0.9654631083202512,0.9225,0.9434927128611609,0.9258018190521781,0.967,0.945952555637075
5,CountVectorizer,RandomForest,"{'n_estimators': 50, 'criterion': 'log_loss'}",0.94475,50.49368850002065,1.1944423001259565,632.6484375,622.50390625,0.9654631083202512,0.9225,0.9434927128611609,0.9258018190521781,0.967,0.945952555637075
5,CountVectorizer,RandomForest,"{'n_estimators': 100, 'criterion': 'gini'}",0.94325,108.56440139980987,0.713077099993825,779.73046875,778.3203125,0.96340825927862,0.9215,0.9419882443138257,0.924772400574988,0.965,0.9444580376804502
5,CountVectorizer,RandomForest,"{'n_estimators': 100, 'criterion': 'entropy'}",0.9455,99.75928679993376,0.7100331000983715,791.9765625,763.36328125,0.9640625,0.9255,0.9443877551020409,0.9283653846153846,0.9655,0.9465686274509804
5,CountVectorizer,RandomForest,"{'n_estimators': 100, 'criterion': 'log_loss'}",0.9455,99.74699959997088,0.720620000269264,776.1875,766.796875,0.9640625,0.9255,0.9443877551020409,0.9283653846153846,0.9655,0.9465686274509804
5,CountVectorizer,RandomForest,"{'n_estimators': 150, 'criterion': 'gini'}",0.9445,162.59334550006315,0.8239783002063632,917.0390625,915.1875,0.9644723092998955,0.923,0.9432805314256515,0.9261744966442953,0.966,0.9456681350954479
5,CountVectorizer,RandomForest,"{'n_estimators': 150, 'criterion': 'entropy'}",0.94575,149.36286399979144,0.8320247000083327,930.46484375,878.859375,0.9650495565988524,0.925,0.9446004595353586,0.9279884781565051,0.9665,0.946852804310556
5,CountVectorizer,RandomForest,"{'n_estimators': 150, 'criterion': 'log_loss'}",0.94575,149.508969000075,0.8321448001079261,911.1875,878.93359375,0.9650495565988524,0.925,0.9446004595353586,0.9279884781565051,0.9665,0.946852804310556
5,CountVectorizer,SVC,"{'C': 0.1, 'kernel': 'linear'}",0.95725,109.22469010017812,2.446148300077766,1183.265625,916.703125,0.9721218378936499,0.9415,0.9565659131318263,0.9432864760058167,0.973,0.9579128722618755
5,CountVectorizer,SVC,"{'C': 0.1, 'kernel': 'rbf'}",0.92225,213.79777059983462,9.305658900178969,1149.21875,927.59375,0.89891355692017,0.9515,0.9244595579305319,0.9484864577801381,0.893,0.9199072881792428
5,CountVectorizer,SVC,"{'C': 0.1, 'kernel': 'sigmoid'}",0.95325,131.12272229976952,4.78506000014022,1148.625,922.66796875,0.964633521271143,0.941,0.9526702100733991,0.9424109321620303,0.9655,0.9538157569770314
5,CountVectorizer,SVC,"{'C': 1, 'kernel': 'linear'}",0.95575,124.35492900013924,1.5212254002690315,1241.7109375,908.18359375,0.9691199176531138,0.9415,0.9551103220897793,0.9431210500729217,0.97,0.9563717032289869
5,CountVectorizer,SVC,"{'C': 1, 'kernel': 'rbf'}",0.955,341.91346259973943,6.446537199895829,1201.30859375,915.796875,0.9582074521651561,0.9515,0.9548419468138485,0.951837140019861,0.9585,0.9551569506726457
5,CountVectorizer,SVC,"{'C': 1, 'kernel': 'sigmoid'}",0.953,113.88800069969147,2.2526493999175727,1155.5859375,909.78515625,0.9598984771573604,0.9455,0.9526448362720403,0.9463054187192118,0.9605,0.9533498759305211
5,CountVectorizer,SVC,"{'C': 10, 'kernel': 'linear'}",0.9525,116.8424243000336,1.246656599920243,1252.18359375,908.48046875,0.9708636836628513,0.933,0.9515553289138194,0.9355149181905679,0.972,0.9534085335948994
5,CountVectorizer,SVC,"{'C': 10, 'kernel': 'rbf'}",0.954,389.59550980012864,6.1071561998687685,1155.36328125,914.7265625,0.9544544544544544,0.9535,0.9539769884942472,0.9535464535464535,0.9545,0.9540229885057471
5,CountVectorizer,SVC,"{'C': 10, 'kernel': 'sigmoid'}",0.94,87.66340020019561,1.4158550999127328,1151.51171875,910.375,0.9444444444444444,0.935,0.9396984924623115,0.9356435643564357,0.945,0.9402985074626866
5,CountVectorizer,MultinomialNB,{'alpha': 0.01},0.92375,0.9696619999594986,1.430809899698943,910.85546875,874.05078125,0.9181055747409965,0.9305,0.924261236652595,0.9295489102889002,0.917,0.9232318147495595
5,CountVectorizer,MultinomialNB,{'alpha': 0.1},0.9505,0.9654798000119627,1.421868400182575,910.625,873.26953125,0.955050505050505,0.9455,0.950251256281407,0.946039603960396,0.9555,0.9507462686567164
5,CountVectorizer,MultinomialNB,{'alpha': 1.0},0.9615,0.9580701999366283,1.4175867000594735,910.3359375,873.10546875,0.9728483606557377,0.9495,0.9610323886639676,0.95068359375,0.9735,0.9619565217391305
5,CountVectorizer,LogisticRegression,"{'C': 0.1, 'penalty': 'l2'}",0.9565,1.0469243000261486,1.4381210999563336,913.61328125,872.203125,0.9672466734902764,0.945,0.9559939301972686,0.946236559139785,0.968,0.9569945625308948
5,CountVectorizer,LogisticRegression,"{'C': 1, 'penalty': 'l2'}",0.96025,1.0795637001283467,1.8713248996064067,913.51171875,872.30859375,0.9727786337955829,0.947,0.9597162401824171,0.948368241597662,0.9735,0.9607698001480385
5,CountVectorizer,LogisticRegression,"{'C': 10, 'penalty': 'l2'}",0.9595,1.0959829003550112,1.4248681999742985,913.25390625,872.08984375,0.9737113402061855,0.9445,0.9588832487309644,0.9461165048543689,0.9745,0.9600985221674877
5,CountVectorizer,KNeighbors,"{'n_neighbors': 3, 'algorithm': 'ball_tree'}",0.8295,0.8972047003917396,4.514770099893212,910.5546875,2914.1796875,0.9113607990012484,0.73,0.8106607440310938,0.7748123436196831,0.929,0.8449295134151887
5,CountVectorizer,KNeighbors,"{'n_neighbors': 3, 'algorithm': 'kd_tree'}",0.8295,0.9022675999440253,4.617900300305337,903.0078125,2887.3671875,0.9113607990012484,0.73,0.8106607440310938,0.7748123436196831,0.929,0.8449295134151887
5,CountVectorizer,KNeighbors,"{'n_neighbors': 3, 'algorithm': 'brute'}",0.8295,0.902397199999541,4.503780199680477,902.94140625,2904.35546875,0.9113607990012484,0.73,0.8106607440310938,0.7748123436196831,0.929,0.8449295134151887
5,CountVectorizer,KNeighbors,"{'n_neighbors': 5, 'algorithm': 'ball_tree'}",0.8295,0.8995031998492777,4.621327000204474,902.7578125,2890.05078125,0.926261319534282,0.716,0.8076706147772138,0.7685411572942136,0.943,0.8468792096991469
5,CountVectorizer,KNeighbors,"{'n_neighbors': 5, 'algorithm': 'kd_tree'}",0.8295,0.9031003001146019,4.511790500022471,901.234375,2862.83203125,0.926261319534282,0.716,0.8076706147772138,0.7685411572942136,0.943,0.8468792096991469
5,CountVectorizer,KNeighbors,"{'n_neighbors': 5, 'algorithm': 'brute'}",0.8295,0.9062246000394225,4.626320700161159,899.58984375,2921.40625,0.926261319534282,0.716,0.8076706147772138,0.7685411572942136,0.943,0.8468792096991469
5,CountVectorizer,KNeighbors,"{'n_neighbors': 7, 'algorithm': 'ball_tree'}",0.82325,0.9093288001604378,4.530475600156933,902.34765625,2887.16796875,0.9295681063122924,0.6995,0.7982881597717546,0.7591182364729459,0.947,0.842714126807564
5,CountVectorizer,KNeighbors,"{'n_neighbors': 7, 'algorithm': 'kd_tree'}",0.82325,0.9035378997214139,4.625179400201887,902.7734375,2855.7578125,0.9295681063122924,0.6995,0.7982881597717546,0.7591182364729459,0.947,0.842714126807564
5,CountVectorizer,KNeighbors,"{'n_neighbors': 7, 'algorithm': 'brute'}",0.82325,0.8995270999148488,4.524752099998295,902.13671875,2862.9609375,0.9295681063122924,0.6995,0.7982881597717546,0.7591182364729459,0.947,0.842714126807564
5,CountVectorizer,DecisionTree,"{'criterion': 'gini', 'max_features': 'sqrt'}",0.8785,2.410177200101316,1.4345823000185192,904.4296875,875.0859375,0.8975840336134454,0.8545,0.8755122950819673,0.8611641221374046,0.9025,0.88134765625
5,CountVectorizer,DecisionTree,"{'criterion': 'gini', 'max_features': 'log2'}",0.79275,3.9560405001975596,1.4474893999285996,913.65625,878.0546875,0.815633423180593,0.7565,0.7849546044098573,0.772960372960373,0.829,0.8
5,CountVectorizer,DecisionTree,"{'criterion': 'gini', 'max_features': None}",0.92225,11.466765299905092,0.9785446999594569,918.19140625,887.796875,0.9220389805097451,0.9225,0.9222694326418396,0.9224612306153076,0.922,0.9222305576394099
5,CountVectorizer,DecisionTree,"{'criterion': 'entropy', 'max_features': 'sqrt'}",0.8975,2.32403580006212,0.9854280999861658,909.484375,893.4140625,0.9132016632016632,0.8785,0.8955147808358818,0.8829479768786127,0.9165,0.8994111874386653
5,CountVectorizer,DecisionTree,"{'criterion': 'entropy', 'max_features': 'log2'}",0.79975,3.843272300437093,0.9820795999839902,913.76171875,877.60546875,0.8156924697209057,0.7745,0.7945627083867658,0.7853403141361257,0.825,0.8046817849305048
5,CountVectorizer,DecisionTree,"{'criterion': 'entropy', 'max_features': None}",0.925,9.020354500040412,1.435711800120771,913.66015625,871.52734375,0.9358974358974359,0.9125,0.9240506329113924,0.9146341463414634,0.9375,0.9259259259259259
5,CountVectorizer,DecisionTree,"{'criterion': 'log_loss', 'max_features': 'sqrt'}",0.8975,2.318343000020832,0.9575696000829339,909.24609375,893.203125,0.9132016632016632,0.8785,0.8955147808358818,0.8829479768786127,0.9165,0.8994111874386653
5,CountVectorizer,DecisionTree,"{'criterion': 'log_loss', 'max_features': 'log2'}",0.79975,3.881683399900794,0.9744847002439201,913.1875,877.5625,0.8156924697209057,0.7745,0.7945627083867658,0.7853403141361257,0.825,0.8046817849305048
5,CountVectorizer,DecisionTree,"{'criterion': 'log_loss', 'max_features': None}",0.925,9.007033499889076,1.4427096000872552,913.23828125,871.30078125,0.9358974358974359,0.9125,0.9240506329113924,0.9146341463414634,0.9375,0.9259259259259259
5,CountVectorizer,GradientBoosting,"{'n_estimators': 100, 'criterion': 'friedman_mse'}",0.79875,8.097448500338942,0.9769351999275386,911.80078125,896.03125,0.9686274509803922,0.6175,0.7541984732824427,0.7192660550458716,0.98,0.8296296296296296
5,CountVectorizer,GradientBoosting,"{'n_estimators': 100, 'criterion': 'squared_error'}",0.79875,8.066576099954545,1.4420075002126396,911.83203125,871.578125,0.9686274509803922,0.6175,0.7541984732824427,0.7192660550458716,0.98,0.8296296296296296
5,CountVectorizer,GradientBoosting,"{'n_estimators': 150, 'criterion': 'friedman_mse'}",0.82675,11.66125850006938,1.4499908997677267,911.63671875,871.60546875,0.9554006968641114,0.6855,0.7982532751091703,0.754775828460039,0.968,0.8481927710843373
5,CountVectorizer,GradientBoosting,"{'n_estimators': 150, 'criterion': 'squared_error'}",0.82675,11.643697199877352,1.4585366998799145,911.31640625,871.48046875,0.9554006968641114,0.6855,0.7982532751091703,0.754775828460039,0.968,0.8481927710843373
5,CountVectorizer,GradientBoosting,"{'n_estimators': 200, 'criterion': 'friedman_mse'}",0.83875,15.17210640013218,1.4471720000728965,911.16796875,871.49609375,0.9562289562289562,0.71,0.8149210903873745,0.7693836978131213,0.9675,0.8571428571428571
5,CountVectorizer,GradientBoosting,"{'n_estimators': 200, 'criterion': 'squared_error'}",0.83875,15.328010399825871,1.459612200036645,911.234375,871.47265625,0.9562289562289562,0.71,0.8149210903873745,0.7693836978131213,0.9675,0.8571428571428571
5,CountVectorizer,AdaBoost,"{'n_estimators': 50, 'learning_rate': 0.01}",0.58975,5.159617600031197,1.0299518997780979,909.4921875,871.734375,0.9944903581267218,0.1805,0.30554380025391453,0.5493538630739621,0.999,0.7088877062267164
5,CountVectorizer,AdaBoost,"{'n_estimators': 50, 'learning_rate': 0.1}",0.6795,5.139508199878037,1.0041907001286745,909.37890625,871.53515625,0.9711286089238845,0.37,0.5358435916002896,0.6108709079678815,0.989,0.7552500954562811
5,CountVectorizer,AdaBoost,"{'n_estimators': 50, 'learning_rate': 1.0}",0.74225,5.141971900127828,1.0040319999679923,909.4765625,871.515625,0.9690222652468539,0.5005,0.6600725354434553,0.6632962588473206,0.984,0.7924300382524663
5,CountVectorizer,AdaBoost,"{'n_estimators': 100, 'learning_rate': 0.01}",0.612,9.416510100010782,1.044613900128752,909.6640625,871.55859375,0.9628099173553719,0.233,0.3752012882447665,0.5637087599544938,0.991,0.7186366932559826
5,CountVectorizer,AdaBoost,"{'n_estimators': 100, 'learning_rate': 0.1}",0.72525,9.404312000144273,1.040228699799627,909.55859375,871.8515625,0.9527638190954774,0.474,0.6330550918196995,0.6499168053244593,0.9765,0.7804195804195804
5,CountVectorizer,AdaBoost,"{'n_estimators': 100, 'learning_rate': 1.0}",0.82325,9.423176699783653,1.0416542002931237,909.89453125,871.578125,0.9667870036101083,0.6695,0.7911373707533235,0.7472275334608031,0.977,0.8468039003250271
5,CountVectorizer,AdaBoost,"{'n_estimators': 150, 'learning_rate': 0.01}",0.6335,13.715483100153506,1.0847824001684785,909.90234375,871.65625,0.968421052631579,0.276,0.42957198443579764,0.5778425655976677,0.991,0.7300184162062615
5,CountVectorizer,AdaBoost,"{'n_estimators': 150, 'learning_rate': 0.1}",0.75575,13.693845000118017,1.0805531996302307,909.578125,871.43359375,0.962059620596206,0.5325,0.6855487608625684,0.6768060836501901,0.979,0.8003269977518904
5,CountVectorizer,AdaBoost,"{'n_estimators': 150, 'learning_rate': 1.0}",0.8525,13.706735200248659,1.0705761001445353,909.96875,871.40625,0.9462025316455697,0.7475,0.835195530726257,0.7913223140495868,0.9575,0.8665158371040724
5,CountVectorizer,SGD,"{'alpha': 0.0001, 'penalty': 'l2'}",0.95725,0.9397352999076247,0.9749640999361873,906.59375,902.17578125,0.9716348633316142,0.942,0.9565879664889566,0.9437166424065987,0.9725,0.9578921447919232
5,CountVectorizer,SGD,"{'alpha': 0.0001, 'penalty': 'l1'}",0.952,1.0067627998068929,1.4403043002821505,906.53125,871.54296875,0.9640657084188912,0.939,0.9513677811550152,0.9405458089668616,0.965,0.9526159921026653
5,CountVectorizer,SGD,"{'alpha': 0.0001, 'penalty': 'elasticnet'}",0.95575,0.987637700047344,1.4249089998193085,906.53515625,871.4375,0.9705730511099638,0.94,0.9550419100838202,0.941832283082889,0.9715,0.9564361309377307
5,CountVectorizer,SGD,"{'alpha': 0.001, 'penalty': 'l2'}",0.953,0.932423799764365,1.869306799955666,906.53515625,871.37109375,0.9646153846153847,0.9405,0.9524050632911393,0.9419512195121951,0.9655,0.9535802469135802
5,CountVectorizer,SGD,"{'alpha': 0.001, 'penalty': 'l1'}",0.86025,0.9704129002057016,1.894195199944079,906.46484375,871.375,0.9353474320241691,0.774,0.8470588235294118,0.8072494669509594,0.9465,0.8713463751438435
5,CountVectorizer,SGD,"{'alpha': 0.001, 'penalty': 'elasticnet'}",0.94075,0.9701223000884056,1.4238800997845829,906.53125,871.5390625,0.9546157813305828,0.9255,0.9398324447829398,0.9277049975739932,0.956,0.9416399901502093
5,CountVectorizer,SGD,"{'alpha': 0.01, 'penalty': 'l2'}",0.914,0.9253691998310387,1.421469499822706,906.53125,871.359375,0.9437299035369775,0.8805,0.9110191412312467,0.8880037488284911,0.9475,0.9167876149008225
5,CountVectorizer,SGD,"{'alpha': 0.01, 'penalty': 'l1'}",0.65175,0.9762605000287294,0.9737664996646345,906.46484375,902.05078125,0.8967320261437909,0.343,0.4962025316455696,0.5938176197836167,0.9605,0.7339063992359122
5,CountVectorizer,SGD,"{'alpha': 0.01, 'penalty': 'elasticnet'}",0.8325,0.9597709001973271,1.4277238002978265,906.2890625,871.22265625,0.9340731070496083,0.7155,0.8103057757644394,0.7694489465153971,0.9495,0.8500447627573858
