seed,vectorizer,model,params,accuracy,training_time,prediction_time,precision_class_0,recall_class_0,f1_class_0,precision_class_1,recall_class_1,f1_class_1
4279876,TfidfVectorizer,RandomForest,"{'n_estimators': 100, 'max_depth': 10}",0.615,0.3774043000303209,0.018783099949359894,0.5989473684210527,0.9930191972076788,0.747209455022981,0.92,0.10772833723653395,0.1928721174004193
4279876,TfidfVectorizer,RandomForest,"{'n_estimators': 100, 'max_depth': 20}",0.679,0.7675062000053003,0.021913600037805736,0.647887323943662,0.9633507853403142,0.7747368421052632,0.8581081081081081,0.297423887587822,0.44173913043478263
4279876,TfidfVectorizer,RandomForest,"{'n_estimators': 150, 'max_depth': 10}",0.618,0.49066480004694313,0.02313960005994886,0.6006322444678609,0.9947643979057592,0.7490144546649146,0.9411764705882353,0.11241217798594848,0.200836820083682
4279876,TfidfVectorizer,RandomForest,"{'n_estimators': 150, 'max_depth': 20}",0.68,1.0248898999998346,0.02581979997921735,0.6500593119810202,0.956369982547993,0.7740112994350282,0.8407643312101911,0.3091334894613583,0.4520547945205479
4279876,TfidfVectorizer,RandomForest,"{'n_estimators': 200, 'max_depth': 10}",0.614,0.6049925999250263,0.02646129997447133,0.5981112277019937,0.9947643979057592,0.747051114023591,0.9361702127659575,0.10304449648711944,0.18565400843881857
4279876,TfidfVectorizer,RandomForest,"{'n_estimators': 200, 'max_depth': 20}",0.679,1.3661575999576598,0.03012090001720935,0.648235294117647,0.9616055846422339,0.7744202389318342,0.8533333333333334,0.2997658079625293,0.4436741767764298
4279876,TfidfVectorizer,SVC,"{'C': 1, 'kernel': 'linear'}",0.705,4.446762399980798,0.39536349999252707,0.7278688524590164,0.774869109947644,0.7506339814032121,0.6692307692307692,0.6112412177985949,0.6389228886168911
4279876,TfidfVectorizer,SVC,"{'C': 1, 'kernel': 'rbf'}",0.732,7.173816499998793,0.6088011000538245,0.7272727272727273,0.8516579406631762,0.7845659163987139,0.7416413373860182,0.5714285714285714,0.6455026455026455
4279876,TfidfVectorizer,SVC,"{'C': 10, 'kernel': 'linear'}",0.664,7.966528399963863,0.36163490009494126,0.7309941520467836,0.6544502617801047,0.6906077348066298,0.5934291581108829,0.6768149882903981,0.6323851203501094
4279876,TfidfVectorizer,SVC,"{'C': 10, 'kernel': 'rbf'}",0.715,13.613519800012,0.6723522000247613,0.7345276872964169,0.787085514834206,0.7598989048020219,0.6839378238341969,0.6182669789227166,0.6494464944649446
4279876,TfidfVectorizer,MultinomialNB,{'alpha': 0.01},0.674,0.09577779995743185,0.012706700013950467,0.7407407407407407,0.6631762652705061,0.6998158379373849,0.6036960985626283,0.6885245901639344,0.6433260393873085
4279876,TfidfVectorizer,MultinomialNB,{'alpha': 1.0},0.72,0.09405890002381057,0.013934800052084029,0.7209653092006033,0.8342059336823735,0.7734627831715211,0.7181008902077152,0.5667447306791569,0.6335078534031413
4279876,TfidfVectorizer,LogisticRegression,{'C': 1},0.723,0.15117290010675788,0.012528599938377738,0.7262996941896025,0.8289703315881326,0.7742461287693562,0.7167630057803468,0.5807962529274004,0.6416558861578266
4279876,TfidfVectorizer,LogisticRegression,{'C': 10},0.698,0.1803941000252962,0.013246700051240623,0.7332185886402753,0.743455497382199,0.7383015597920277,0.649164677804296,0.6370023419203747,0.6430260047281324
4279876,TfidfVectorizer,KNeighbors,{'n_neighbors': 3},0.592,0.08130959991831332,0.14872359996661544,0.5854922279792746,0.9860383944153578,0.7347204161248374,0.7714285714285715,0.06323185011709602,0.11688311688311688
4279876,TfidfVectorizer,KNeighbors,{'n_neighbors': 5},0.584,0.09029750002082437,0.15752340003382415,0.5801838610827375,0.9912739965095986,0.7319587628865979,0.7619047619047619,0.03747072599531616,0.07142857142857142
4279876,TfidfVectorizer,KNeighbors,{'n_neighbors': 7},0.578,0.08605509996414185,0.15806049993261695,0.5766497461928934,0.9912739965095986,0.7291399229781772,0.6666666666666666,0.0234192037470726,0.04524886877828054
4279876,TfidfVectorizer,DecisionTree,{'max_depth': None},0.676,1.3844346000114456,0.012980800005607307,0.7172774869109948,0.7172774869109948,0.7172774869109948,0.6206088992974239,0.6206088992974239,0.6206088992974239
4279876,TfidfVectorizer,DecisionTree,{'max_depth': 10},0.666,0.2412890000268817,0.012713400064967573,0.6558018252933507,0.8778359511343804,0.7507462686567165,0.6995708154506438,0.38173302107728335,0.49393939393939396
4279876,TfidfVectorizer,DecisionTree,{'max_depth': 20},0.695,0.40404570009559393,0.01275069999974221,0.6908831908831908,0.8464223385689355,0.7607843137254902,0.7046979865771812,0.4918032786885246,0.5793103448275863
4279876,TfidfVectorizer,GradientBoosting,"{'n_estimators': 100, 'max_depth': 3}",0.716,3.636319800047204,0.013823000015690923,0.6898817345597897,0.9162303664921466,0.7871064467766117,0.799163179916318,0.44730679156908665,0.5735735735735735
4279876,TfidfVectorizer,GradientBoosting,"{'n_estimators': 100, 'max_depth': 5}",0.706,6.297097200062126,0.014713399927131832,0.6887686062246279,0.8883071553228621,0.7759146341463414,0.7547892720306514,0.4613583138173302,0.5726744186046512
4279876,TfidfVectorizer,GradientBoosting,"{'n_estimators': 100, 'max_depth': 7}",0.718,8.933757100021467,0.014857299975119531,0.7006896551724138,0.8865619546247818,0.7827426810477658,0.7636363636363637,0.4918032786885246,0.5982905982905983
4279876,TfidfVectorizer,GradientBoosting,"{'n_estimators': 150, 'max_depth': 3}",0.715,5.2680140000302345,0.013761800015345216,0.6925133689839572,0.9040139616055847,0.7842543527630583,0.7817460317460317,0.4613583138173302,0.5802650957290133
4279876,TfidfVectorizer,GradientBoosting,"{'n_estimators': 150, 'max_depth': 5}",0.705,9.058967599994503,0.0144884999608621,0.6935933147632312,0.8691099476439791,0.7714949651432997,0.7340425531914894,0.4847775175644028,0.5839210155148096
4279876,TfidfVectorizer,GradientBoosting,"{'n_estimators': 150, 'max_depth': 7}",0.716,13.048789500026032,0.016653900034725666,0.7067238912732475,0.8621291448516579,0.7767295597484277,0.7375415282392026,0.5199063231850117,0.6098901098901099
4279876,TfidfVectorizer,GradientBoosting,"{'n_estimators': 200, 'max_depth': 3}",0.715,7.010087999980897,0.01443540002219379,0.6951219512195121,0.8952879581151832,0.782608695652174,0.7709923664122137,0.47306791569086654,0.5863570391872278
4279876,TfidfVectorizer,GradientBoosting,"{'n_estimators': 200, 'max_depth': 5}",0.711,12.082271000021137,0.01567410002462566,0.6977715877437326,0.8743455497382199,0.7761425251742835,0.7446808510638298,0.4918032786885246,0.5923836389280677
4279876,TfidfVectorizer,GradientBoosting,"{'n_estimators': 200, 'max_depth': 7}",0.721,17.284110700013116,0.01734639995265752,0.7130434782608696,0.8586387434554974,0.7790973871733967,0.7387096774193549,0.5362997658079626,0.621438263229308
4279876,TfidfVectorizer,AdaBoost,{'n_estimators': 50},0.702,0.8984609000617638,0.021922099986113608,0.697274031563845,0.8481675392670157,0.7653543307086614,0.7128712871287128,0.5058548009367682,0.5917808219178082
4279876,TfidfVectorizer,AdaBoost,{'n_estimators': 100},0.71,1.7435170999960974,0.03176099993288517,0.7187017001545595,0.8115183246073299,0.7622950819672131,0.6940509915014165,0.5737704918032787,0.6282051282051282
4279876,TfidfVectorizer,AdaBoost,{'n_estimators': 150},0.71,2.563600800000131,0.039624599972739816,0.7193798449612403,0.8097731239092496,0.7619047619047619,0.6929577464788732,0.5761124121779859,0.629156010230179
4279876,TfidfVectorizer,SGD,{'alpha': 0.0001},0.704,0.09866469993721694,0.012770799919962883,0.7289256198347107,0.7696335078534031,0.7487266553480475,0.6658227848101266,0.6159250585480094,0.6399026763990268
4279876,TfidfVectorizer,SGD,{'alpha': 0.001},0.69,0.09172080003190786,0.012819100054912269,0.6654088050314465,0.9232111692844677,0.7733918128654971,0.7853658536585366,0.3770491803278688,0.509493670886076
4279876,CountVectorizer,RandomForest,"{'n_estimators': 100, 'max_depth': 10}",0.616,0.3260022000176832,0.018618399975821376,0.5997888067581837,0.9912739965095986,0.7473684210526316,0.9056603773584906,0.11241217798594848,0.2
4279876,CountVectorizer,RandomForest,"{'n_estimators': 100, 'max_depth': 20}",0.68,0.6561509999446571,0.021637100027874112,0.6486486486486487,0.9633507853403142,0.7752808988764045,0.8590604026845637,0.2997658079625293,0.4444444444444444
4279876,CountVectorizer,RandomForest,"{'n_estimators': 150, 'max_depth': 10}",0.614,0.43569199997000396,0.02172199997585267,0.5985247629083246,0.9912739965095986,0.7463863337713534,0.9019607843137255,0.10772833723653395,0.19246861924686193
4279876,CountVectorizer,RandomForest,"{'n_estimators': 150, 'max_depth': 20}",0.676,0.9467554000439122,0.025699199992232025,0.6456140350877193,0.9633507853403142,0.773109243697479,0.8551724137931035,0.2903981264637002,0.43356643356643354
4279876,CountVectorizer,RandomForest,"{'n_estimators': 200, 'max_depth': 10}",0.613,0.5534399999305606,0.025191999971866608,0.5978947368421053,0.9912739965095986,0.7458962573867367,0.9,0.1053864168618267,0.18867924528301888
4279876,CountVectorizer,RandomForest,"{'n_estimators': 200, 'max_depth': 20}",0.673,1.236376199987717,0.029730699956417084,0.6433566433566433,0.9633507853403142,0.7714884696016772,0.852112676056338,0.28337236533957844,0.4253075571177504
4279876,CountVectorizer,SVC,"{'C': 1, 'kernel': 'linear'}",0.684,5.173411199939437,0.32543109997641295,0.7290552584670231,0.7137870855148342,0.7213403880070547,0.6264236902050114,0.6440281030444965,0.6351039260969977
4279876,CountVectorizer,SVC,"{'C': 1, 'kernel': 'rbf'}",0.723,5.2483351000119,0.5772765000583604,0.7144927536231884,0.8603839441535777,0.7806809184481394,0.7419354838709677,0.5386416861826698,0.6241519674355496
4279876,CountVectorizer,SVC,"{'C': 10, 'kernel': 'linear'}",0.631,6.44298049993813,0.29072719998657703,0.6902985074626866,0.6457242582897034,0.6672678088367899,0.5625,0.6112412177985949,0.5858585858585859
4279876,CountVectorizer,SVC,"{'C': 10, 'kernel': 'rbf'}",0.692,11.58298329997342,0.5896575000369921,0.7106518282988871,0.7801047120418848,0.7437603993344426,0.660377358490566,0.5737704918032787,0.6140350877192983
4279876,CountVectorizer,MultinomialNB,{'alpha': 0.01},0.674,0.08701110002584755,0.012088699964806437,0.7622080679405521,0.6265270506108203,0.6877394636015326,0.5954631379962193,0.7377049180327869,0.6589958158995816
4279876,CountVectorizer,MultinomialNB,{'alpha': 1.0},0.705,0.08341900003142655,0.011768099968321621,0.7791164658634538,0.6771378708551483,0.7245564892623716,0.6314741035856574,0.7423887587822015,0.682454251883746
4279876,CountVectorizer,LogisticRegression,{'C': 1},0.701,0.23590660002082586,0.012256599962711334,0.7216828478964401,0.7783595113438045,0.7489504617968094,0.6675392670157068,0.5971896955503513,0.630407911001236
4279876,CountVectorizer,LogisticRegression,{'C': 10},0.686,0.36600999999791384,0.013394600013270974,0.7283950617283951,0.7207678883071553,0.724561403508772,0.6304849884526559,0.639344262295082,0.6348837209302326
4279876,CountVectorizer,KNeighbors,{'n_neighbors': 3},0.651,0.07992940000258386,0.16594169999007136,0.6439588688946015,0.8743455497382199,0.7416728349370837,0.6756756756756757,0.351288056206089,0.4622496147919877
4279876,CountVectorizer,KNeighbors,{'n_neighbors': 5},0.624,0.0844966999720782,0.16701900004409254,0.6193939393939394,0.8917975567190227,0.7310443490701002,0.6457142857142857,0.2646370023419204,0.3754152823920266
4279876,CountVectorizer,KNeighbors,{'n_neighbors': 7},0.626,0.0838209999492392,0.1662233000388369,0.6171967020023557,0.9144851657940664,0.7369901547116737,0.6754966887417219,0.2388758782201405,0.35294117647058826
4279876,CountVectorizer,DecisionTree,{'max_depth': None},0.686,1.1925089000724256,0.01354319998063147,0.7267950963222417,0.7242582897033158,0.7255244755244755,0.6317016317016317,0.6346604215456675,0.633177570093458
4279876,CountVectorizer,DecisionTree,{'max_depth': 10},0.679,0.18276339990552515,0.012505099992267787,0.6693548387096774,0.8691099476439791,0.7562642369020501,0.70703125,0.4238875878220141,0.5300146412884333
4279876,CountVectorizer,DecisionTree,{'max_depth': 20},0.725,0.32806940004229546,0.013135100016370416,0.72782874617737,0.8307155322862129,0.7758761206193969,0.7196531791907514,0.5831381733021077,0.6442432082794308
4279876,CountVectorizer,GradientBoosting,"{'n_estimators': 100, 'max_depth': 3}",0.715,2.1504128000233322,0.013433099957183003,0.6904761904761905,0.9109947643979057,0.7855530474040632,0.7909836065573771,0.4519906323185012,0.5752608047690015
4279876,CountVectorizer,GradientBoosting,"{'n_estimators': 100, 'max_depth': 5}",0.718,3.7874782000435516,0.013647599960677326,0.6990424076607387,0.8917975567190227,0.7837423312883436,0.7695167286245354,0.4847775175644028,0.5948275862068966
4279876,CountVectorizer,GradientBoosting,"{'n_estimators': 100, 'max_depth': 7}",0.714,5.601572599960491,0.014487699954770505,0.7012622720897616,0.8726003490401396,0.7776049766718507,0.7456445993031359,0.5011709601873536,0.5994397759103641
4279876,CountVectorizer,GradientBoosting,"{'n_estimators': 150, 'max_depth': 3}",0.714,3.1207783001009375,0.013354499940760434,0.6941813261163735,0.8952879581151832,0.7820121951219512,0.7701149425287356,0.4707259953161593,0.5843023255813954
4279876,CountVectorizer,GradientBoosting,"{'n_estimators': 150, 'max_depth': 5}",0.716,5.571373799932189,0.014414899982511997,0.7026647966339411,0.8743455497382199,0.7791601866251944,0.7491289198606271,0.5035128805620609,0.6022408963585434
4279876,CountVectorizer,GradientBoosting,"{'n_estimators': 150, 'max_depth': 7}",0.717,8.08650959993247,0.015261200023815036,0.7071428571428572,0.8638743455497382,0.7776904948939513,0.74,0.5199063231850117,0.6107290233837689
4279876,CountVectorizer,GradientBoosting,"{'n_estimators': 200, 'max_depth': 3}",0.716,4.1368378000333905,0.01413889997638762,0.6982167352537723,0.8883071553228621,0.7818740399385561,0.7638376383763837,0.4847775175644028,0.5931232091690545
4279876,CountVectorizer,GradientBoosting,"{'n_estimators': 200, 'max_depth': 5}",0.718,7.3599687000969425,0.014837899943813682,0.7063829787234043,0.8691099476439791,0.7793427230046949,0.7457627118644068,0.5152224824355972,0.6094182825484764
4279876,CountVectorizer,GradientBoosting,"{'n_estimators': 200, 'max_depth': 7}",0.719,10.424803400062956,0.016509999986737967,0.7085714285714285,0.8656195462478184,0.779261586802828,0.7433333333333333,0.522248243559719,0.6134800550206327
4279876,CountVectorizer,AdaBoost,{'n_estimators': 50},0.719,0.5778436000691727,0.020848800078965724,0.7115942028985507,0.8568935427574171,0.777513855898654,0.7354838709677419,0.5339578454332553,0.6187245590230664
4279876,CountVectorizer,AdaBoost,{'n_estimators': 100},0.718,1.0740416999906301,0.029896300053223968,0.7221374045801526,0.8254799301919721,0.7703583061889251,0.7101449275362319,0.5737704918032787,0.6347150259067358
4279876,CountVectorizer,AdaBoost,{'n_estimators': 150},0.709,1.5778932999819517,0.03824789996724576,0.719626168224299,0.806282722513089,0.7604938271604939,0.6899441340782123,0.5784543325526932,0.6292993630573248
4279876,CountVectorizer,SGD,{'alpha': 0.0001},0.695,0.11018049996346235,0.011945799924433231,0.7367491166077739,0.7277486910994765,0.7322212467076383,0.6405529953917051,0.6510538641686182,0.645760743321719
4279876,CountVectorizer,SGD,{'alpha': 0.001},0.706,0.09953639993909746,0.012295200023800135,0.723916532905297,0.787085514834206,0.754180602006689,0.6763925729442971,0.5971896955503513,0.6343283582089553
5522499,TfidfVectorizer,RandomForest,"{'n_estimators': 100, 'max_depth': 10}",0.616,0.3476559000555426,0.01905490003991872,0.6,0.9895287958115183,0.7470355731225297,0.8909090909090909,0.11475409836065574,0.2033195020746888
5522499,TfidfVectorizer,RandomForest,"{'n_estimators': 100, 'max_depth': 20}",0.673,0.695230699959211,0.021691699977964163,0.6440281030444965,0.9598603839441536,0.7708479327259986,0.8424657534246576,0.28805620608899296,0.4293193717277487
5522499,TfidfVectorizer,RandomForest,"{'n_estimators': 150, 'max_depth': 10}",0.62,0.4854342999169603,0.022860500030219555,0.6019007391763463,0.9947643979057592,0.75,0.9433962264150944,0.117096018735363,0.20833333333333334
5522499,TfidfVectorizer,RandomForest,"{'n_estimators': 150, 'max_depth': 20}",0.68,1.0057302000932395,0.0255470999982208,0.6504161712247325,0.9546247818499127,0.7736916548797736,0.8364779874213837,0.3114754098360656,0.4539249146757679
5522499,TfidfVectorizer,RandomForest,"{'n_estimators': 200, 'max_depth': 10}",0.612,0.6319234000984579,0.02545850002206862,0.5972660357518401,0.9912739965095986,0.7454068241469817,0.8979591836734694,0.10304449648711944,0.18487394957983194
5522499,TfidfVectorizer,RandomForest,"{'n_estimators': 200, 'max_depth': 20}",0.68,1.305211600032635,0.030298199970275164,0.6483001172332943,0.9650959860383944,0.7755960729312763,0.8639455782312925,0.297423887587822,0.4425087108013937
5522499,TfidfVectorizer,SVC,"{'C': 1, 'kernel': 'linear'}",0.705,4.398707199958153,0.39489759993739426,0.7278688524590164,0.774869109947644,0.7506339814032121,0.6692307692307692,0.6112412177985949,0.6389228886168911
5522499,TfidfVectorizer,SVC,"{'C': 1, 'kernel': 'rbf'}",0.732,7.144777599954978,0.6121533000841737,0.7272727272727273,0.8516579406631762,0.7845659163987139,0.7416413373860182,0.5714285714285714,0.6455026455026455
5522499,TfidfVectorizer,SVC,"{'C': 10, 'kernel': 'linear'}",0.664,7.926426699967124,0.3554487000219524,0.7309941520467836,0.6544502617801047,0.6906077348066298,0.5934291581108829,0.6768149882903981,0.6323851203501094
5522499,TfidfVectorizer,SVC,"{'C': 10, 'kernel': 'rbf'}",0.715,13.55041549995076,0.6555015000049025,0.7345276872964169,0.787085514834206,0.7598989048020219,0.6839378238341969,0.6182669789227166,0.6494464944649446
5522499,TfidfVectorizer,MultinomialNB,{'alpha': 0.01},0.674,0.09462089999578893,0.01262490008957684,0.7407407407407407,0.6631762652705061,0.6998158379373849,0.6036960985626283,0.6885245901639344,0.6433260393873085
5522499,TfidfVectorizer,MultinomialNB,{'alpha': 1.0},0.72,0.09326709993183613,0.012772099929861724,0.7209653092006033,0.8342059336823735,0.7734627831715211,0.7181008902077152,0.5667447306791569,0.6335078534031413
5522499,TfidfVectorizer,LogisticRegression,{'C': 1},0.723,0.12935830000787973,0.012878699926659465,0.7262996941896025,0.8289703315881326,0.7742461287693562,0.7167630057803468,0.5807962529274004,0.6416558861578266
5522499,TfidfVectorizer,LogisticRegression,{'C': 10},0.698,0.15096979995723814,0.01280829997267574,0.7332185886402753,0.743455497382199,0.7383015597920277,0.649164677804296,0.6370023419203747,0.6430260047281324
5522499,TfidfVectorizer,KNeighbors,{'n_neighbors': 3},0.592,0.08259230002295226,0.14556509989779443,0.5854922279792746,0.9860383944153578,0.7347204161248374,0.7714285714285715,0.06323185011709602,0.11688311688311688
5522499,TfidfVectorizer,KNeighbors,{'n_neighbors': 5},0.584,0.08182979992125183,0.1516319999936968,0.5801838610827375,0.9912739965095986,0.7319587628865979,0.7619047619047619,0.03747072599531616,0.07142857142857142
5522499,TfidfVectorizer,KNeighbors,{'n_neighbors': 7},0.578,0.08256280003115535,0.16873859998304397,0.5766497461928934,0.9912739965095986,0.7291399229781772,0.6666666666666666,0.0234192037470726,0.04524886877828054
5522499,TfidfVectorizer,DecisionTree,{'max_depth': None},0.669,1.363579099997878,0.01271370006725192,0.7079037800687286,0.7190226876090751,0.7134199134199134,0.6148325358851675,0.6018735362997658,0.6082840236686391
5522499,TfidfVectorizer,DecisionTree,{'max_depth': 10},0.666,0.22611590009182692,0.01287530001718551,0.6558018252933507,0.8778359511343804,0.7507462686567165,0.6995708154506438,0.38173302107728335,0.49393939393939396
5522499,TfidfVectorizer,DecisionTree,{'max_depth': 20},0.699,0.4005684000439942,0.01286599994637072,0.6942857142857143,0.8481675392670157,0.7635506677140613,0.71,0.49882903981264637,0.5859697386519945
5522499,TfidfVectorizer,GradientBoosting,"{'n_estimators': 100, 'max_depth': 3}",0.712,3.5298479999182746,0.013761800015345216,0.6877470355731226,0.9109947643979057,0.7837837837837838,0.7883817427385892,0.4449648711943794,0.5688622754491018
5522499,TfidfVectorizer,GradientBoosting,"{'n_estimators': 100, 'max_depth': 5}",0.712,6.100579099962488,0.014013600070029497,0.6970954356846473,0.8795811518324608,0.7777777777777778,0.7509025270758123,0.48711943793911006,0.5909090909090909
5522499,TfidfVectorizer,GradientBoosting,"{'n_estimators': 100, 'max_depth': 7}",0.715,8.761530700023286,0.014828899991698563,0.7011173184357542,0.8760907504363001,0.7788983708301008,0.75,0.49882903981264637,0.5991561181434599
5522499,TfidfVectorizer,GradientBoosting,"{'n_estimators': 150, 'max_depth': 3}",0.717,5.231836499995552,0.014069700031541288,0.6948924731182796,0.9022687609075044,0.7851176917236142,0.78125,0.468384074941452,0.5856515373352855
5522499,TfidfVectorizer,GradientBoosting,"{'n_estimators': 150, 'max_depth': 5}",0.714,9.019071700051427,0.014959099935367703,0.6990291262135923,0.8795811518324608,0.7789799072642968,0.7526881720430108,0.4918032786885246,0.5949008498583569
5522499,TfidfVectorizer,GradientBoosting,"{'n_estimators': 150, 'max_depth': 7}",0.714,12.885584700037725,0.01538510003592819,0.7058823529411765,0.8586387434554974,0.7748031496062993,0.7326732673267327,0.5199063231850117,0.6082191780821918
5522499,TfidfVectorizer,GradientBoosting,"{'n_estimators': 200, 'max_depth': 3}",0.713,7.046468599932268,0.01521300000604242,0.6942934782608695,0.8917975567190227,0.7807486631016043,0.7651515151515151,0.47306791569086654,0.5846599131693199
5522499,TfidfVectorizer,GradientBoosting,"{'n_estimators': 200, 'max_depth': 5}",0.714,12.052047399920411,0.01562349998857826,0.700139470013947,0.8760907504363001,0.7782945736434108,0.7491166077738516,0.4964871194379391,0.5971830985915493
5522499,TfidfVectorizer,GradientBoosting,"{'n_estimators': 200, 'max_depth': 7}",0.715,16.991554499953054,0.016253500012680888,0.7086956521739131,0.8534031413612565,0.7743467933491687,0.7290322580645161,0.5292740046838408,0.6132971506105834
5522499,TfidfVectorizer,AdaBoost,{'n_estimators': 50},0.702,0.8534096999792382,0.020805299980565906,0.697274031563845,0.8481675392670157,0.7653543307086614,0.7128712871287128,0.5058548009367682,0.5917808219178082
5522499,TfidfVectorizer,AdaBoost,{'n_estimators': 100},0.71,1.648397299926728,0.032228600000962615,0.7187017001545595,0.8115183246073299,0.7622950819672131,0.6940509915014165,0.5737704918032787,0.6282051282051282
5522499,TfidfVectorizer,AdaBoost,{'n_estimators': 150},0.71,2.4022441999986768,0.03859450004529208,0.7193798449612403,0.8097731239092496,0.7619047619047619,0.6929577464788732,0.5761124121779859,0.629156010230179
5522499,TfidfVectorizer,SGD,{'alpha': 0.0001},0.705,0.09863969997968525,0.012466399930417538,0.7293729372937293,0.7713787085514834,0.7497879558948262,0.6675126903553299,0.6159250585480094,0.6406820950060901
5522499,TfidfVectorizer,SGD,{'alpha': 0.001},0.691,0.08988250000402331,0.013942999998107553,0.6662468513853904,0.9232111692844677,0.7739575713240673,0.7864077669902912,0.3793911007025761,0.5118483412322274
5522499,CountVectorizer,RandomForest,"{'n_estimators': 100, 'max_depth': 10}",0.61,0.31758969998918474,0.018734399927780032,0.5962145110410094,0.9895287958115183,0.7440944881889764,0.8775510204081632,0.10070257611241218,0.18067226890756302
5522499,CountVectorizer,RandomForest,"{'n_estimators': 100, 'max_depth': 20}",0.68,0.6836823000339791,0.022313400055281818,0.6507747318235996,0.9528795811518325,0.773371104815864,0.8322981366459627,0.31381733021077285,0.4557823129251701
5522499,CountVectorizer,RandomForest,"{'n_estimators': 150, 'max_depth': 10}",0.608,0.44772059994284064,0.021802900009788573,0.5949632738719832,0.9895287958115183,0.7431192660550459,0.8723404255319149,0.09601873536299765,0.1729957805907173
5522499,CountVectorizer,RandomForest,"{'n_estimators': 150, 'max_depth': 20}",0.683,0.9334588999627158,0.029055899940431118,0.6513002364066194,0.9616055846422339,0.7766032417195208,0.8571428571428571,0.3091334894613583,0.45438898450946646
5522499,CountVectorizer,RandomForest,"{'n_estimators': 200, 'max_depth': 10}",0.607,0.5438035000115633,0.025785200065001845,0.5943396226415094,0.9895287958115183,0.7426326129666012,0.8695652173913043,0.0936768149882904,0.16913319238900634
5522499,CountVectorizer,RandomForest,"{'n_estimators': 200, 'max_depth': 20}",0.685,1.2309794999891892,0.029253900051116943,0.6532066508313539,0.9598603839441536,0.7773851590106007,0.8544303797468354,0.3161592505854801,0.46153846153846156
5522499,CountVectorizer,SVC,"{'C': 1, 'kernel': 'linear'}",0.684,5.170475200051442,0.33152469992637634,0.7290552584670231,0.7137870855148342,0.7213403880070547,0.6264236902050114,0.6440281030444965,0.6351039260969977
5522499,CountVectorizer,SVC,"{'C': 1, 'kernel': 'rbf'}",0.723,5.225720399990678,0.5738289000000805,0.7144927536231884,0.8603839441535777,0.7806809184481394,0.7419354838709677,0.5386416861826698,0.6241519674355496
5522499,CountVectorizer,SVC,"{'C': 10, 'kernel': 'linear'}",0.631,6.516112899989821,0.2961660000728443,0.6902985074626866,0.6457242582897034,0.6672678088367899,0.5625,0.6112412177985949,0.5858585858585859
5522499,CountVectorizer,SVC,"{'C': 10, 'kernel': 'rbf'}",0.692,11.528400199953467,0.5974294000770897,0.7106518282988871,0.7801047120418848,0.7437603993344426,0.660377358490566,0.5737704918032787,0.6140350877192983
5522499,CountVectorizer,MultinomialNB,{'alpha': 0.01},0.674,0.0857779000652954,0.011843300075270236,0.7622080679405521,0.6265270506108203,0.6877394636015326,0.5954631379962193,0.7377049180327869,0.6589958158995816
5522499,CountVectorizer,MultinomialNB,{'alpha': 1.0},0.705,0.08232520008459687,0.011664099991321564,0.7791164658634538,0.6771378708551483,0.7245564892623716,0.6314741035856574,0.7423887587822015,0.682454251883746
5522499,CountVectorizer,LogisticRegression,{'C': 1},0.701,0.2770413999678567,0.01226340001448989,0.7216828478964401,0.7783595113438045,0.7489504617968094,0.6675392670157068,0.5971896955503513,0.630407911001236
5522499,CountVectorizer,LogisticRegression,{'C': 10},0.686,0.3753679000074044,0.013068600092083216,0.7283950617283951,0.7207678883071553,0.724561403508772,0.6304849884526559,0.639344262295082,0.6348837209302326
5522499,CountVectorizer,KNeighbors,{'n_neighbors': 3},0.651,0.07863630005158484,0.16520819999277592,0.6439588688946015,0.8743455497382199,0.7416728349370837,0.6756756756756757,0.351288056206089,0.4622496147919877
5522499,CountVectorizer,KNeighbors,{'n_neighbors': 5},0.624,0.08159899991005659,0.18384940002579242,0.6193939393939394,0.8917975567190227,0.7310443490701002,0.6457142857142857,0.2646370023419204,0.3754152823920266
5522499,CountVectorizer,KNeighbors,{'n_neighbors': 7},0.626,0.07894770009443164,0.17144030006602407,0.6171967020023557,0.9144851657940664,0.7369901547116737,0.6754966887417219,0.2388758782201405,0.35294117647058826
5522499,CountVectorizer,DecisionTree,{'max_depth': None},0.696,1.153858199948445,0.012582399998791516,0.7449908925318761,0.7137870855148342,0.7290552584670231,0.6363636363636364,0.6721311475409836,0.6537585421412301
5522499,CountVectorizer,DecisionTree,{'max_depth': 10},0.678,0.17824510007631034,0.01228260004427284,0.6684563758389261,0.8691099476439791,0.7556904400606981,0.7058823529411765,0.4215456674473068,0.5278592375366569
5522499,CountVectorizer,DecisionTree,{'max_depth': 20},0.726,0.3181948000565171,0.013405199977569282,0.7289433384379785,0.8307155322862129,0.7765089722675367,0.7204610951008645,0.585480093676815,0.6459948320413437
5522499,CountVectorizer,GradientBoosting,"{'n_estimators': 100, 'max_depth': 3}",0.716,2.10130130010657,0.013409100007265806,0.6908850726552179,0.912739965095986,0.7864661654135339,0.7942386831275721,0.4519906323185012,0.5761194029850746
5522499,CountVectorizer,GradientBoosting,"{'n_estimators': 100, 'max_depth': 5}",0.712,3.762266800040379,0.013179500005207956,0.694406548431105,0.8883071553228621,0.77947932618683,0.7602996254681648,0.47540983606557374,0.5850144092219021
5522499,CountVectorizer,GradientBoosting,"{'n_estimators': 100, 'max_depth': 7}",0.717,5.6029777999501675,0.015343300066888332,0.7019498607242339,0.8795811518324608,0.7807900852052673,0.7553191489361702,0.49882903981264637,0.6008462623413258
5522499,CountVectorizer,GradientBoosting,"{'n_estimators': 150, 'max_depth': 3}",0.716,3.113176899962127,0.013546100002713501,0.6955345060893099,0.8970331588132635,0.7835365853658537,0.7739463601532567,0.47306791569086654,0.5872093023255814
5522499,CountVectorizer,GradientBoosting,"{'n_estimators': 150, 'max_depth': 5}",0.71,5.473325000028126,0.013853200012817979,0.6979020979020979,0.8708551483420593,0.7748447204968945,0.7403508771929824,0.49414519906323184,0.5926966292134831
5522499,CountVectorizer,GradientBoosting,"{'n_estimators': 150, 'max_depth': 7}",0.714,7.973444000002928,0.015850599971599877,0.7035460992907802,0.8656195462478184,0.7762128325508607,0.7389830508474576,0.5105386416861827,0.6038781163434903
5522499,CountVectorizer,GradientBoosting,"{'n_estimators': 200, 'max_depth': 3}",0.717,4.131958000012673,0.014391899923793972,0.6991758241758241,0.8883071553228621,0.7824750192159877,0.7647058823529411,0.48711943793911006,0.5951359084406295
5522499,CountVectorizer,GradientBoosting,"{'n_estimators': 200, 'max_depth': 5}",0.709,7.138600299949758,0.014468400040641427,0.6991525423728814,0.8638743455497382,0.7728337236533958,0.7328767123287672,0.5011709601873536,0.5952712100139083
5522499,CountVectorizer,GradientBoosting,"{'n_estimators': 200, 'max_depth': 7}",0.721,10.46101389999967,0.018068499979563057,0.7118155619596542,0.8621291448516579,0.7797947908445146,0.7418300653594772,0.531615925058548,0.6193724420190996
5522499,CountVectorizer,AdaBoost,{'n_estimators': 50},0.719,0.6203091000206769,0.022111799917183816,0.7115942028985507,0.8568935427574171,0.777513855898654,0.7354838709677419,0.5339578454332553,0.6187245590230664
5522499,CountVectorizer,AdaBoost,{'n_estimators': 100},0.718,1.179895699955523,0.03166209999471903,0.7221374045801526,0.8254799301919721,0.7703583061889251,0.7101449275362319,0.5737704918032787,0.6347150259067358
5522499,CountVectorizer,AdaBoost,{'n_estimators': 150},0.709,1.6261185000184923,0.03803890000563115,0.719626168224299,0.806282722513089,0.7604938271604939,0.6899441340782123,0.5784543325526932,0.6292993630573248
5522499,CountVectorizer,SGD,{'alpha': 0.0001},0.678,0.10829959996044636,0.012367599993012846,0.7345794392523365,0.6858638743455497,0.7093862815884476,0.6129032258064516,0.667447306791569,0.6390134529147982
5522499,CountVectorizer,SGD,{'alpha': 0.001},0.723,0.0974487999919802,0.012150000082328916,0.7262996941896025,0.8289703315881326,0.7742461287693562,0.7167630057803468,0.5807962529274004,0.6416558861578266
4674627,TfidfVectorizer,RandomForest,"{'n_estimators': 100, 'max_depth': 10}",0.611,0.3462510999524966,0.018827399937435985,0.5962343096234309,0.9947643979057592,0.7455853499018966,0.9318181818181818,0.09601873536299765,0.1740976645435244
4674627,TfidfVectorizer,RandomForest,"{'n_estimators': 100, 'max_depth': 20}",0.662,0.694974199985154,0.021566499955952168,0.6377491207502931,0.9493891797556719,0.7629733520336606,0.8027210884353742,0.27634660421545665,0.41114982578397213
4674627,TfidfVectorizer,RandomForest,"{'n_estimators': 150, 'max_depth': 10}",0.613,0.5178094999864697,0.025505099911242723,0.5972803347280334,0.9965095986038395,0.7468933943754088,0.9545454545454546,0.09836065573770492,0.17834394904458598
4674627,TfidfVectorizer,RandomForest,"{'n_estimators': 150, 'max_depth': 20}",0.675,1.0346791999181733,0.02624939999077469,0.6462264150943396,0.956369982547993,0.7712878254750176,0.8355263157894737,0.297423887587822,0.4386873920552677
4674627,TfidfVectorizer,RandomForest,"{'n_estimators': 200, 'max_depth': 10}",0.609,0.6356719000032172,0.026633800007402897,0.5947916666666667,0.9965095986038395,0.7449445531637312,0.95,0.08899297423887588,0.16274089935760172
4674627,TfidfVectorizer,RandomForest,"{'n_estimators': 200, 'max_depth': 20}",0.676,1.3194186000619084,0.03067840007133782,0.6456140350877193,0.9633507853403142,0.773109243697479,0.8551724137931035,0.2903981264637002,0.43356643356643354
4674627,TfidfVectorizer,SVC,"{'C': 1, 'kernel': 'linear'}",0.705,4.419475100003183,0.39188540005125105,0.7278688524590164,0.774869109947644,0.7506339814032121,0.6692307692307692,0.6112412177985949,0.6389228886168911
4674627,TfidfVectorizer,SVC,"{'C': 1, 'kernel': 'rbf'}",0.732,7.075602900004014,0.6119954999303445,0.7272727272727273,0.8516579406631762,0.7845659163987139,0.7416413373860182,0.5714285714285714,0.6455026455026455
4674627,TfidfVectorizer,SVC,"{'C': 10, 'kernel': 'linear'}",0.664,7.975009199930355,0.3478644998976961,0.7309941520467836,0.6544502617801047,0.6906077348066298,0.5934291581108829,0.6768149882903981,0.6323851203501094
4674627,TfidfVectorizer,SVC,"{'C': 10, 'kernel': 'rbf'}",0.715,13.393446800066158,0.6529027000069618,0.7345276872964169,0.787085514834206,0.7598989048020219,0.6839378238341969,0.6182669789227166,0.6494464944649446
4674627,TfidfVectorizer,MultinomialNB,{'alpha': 0.01},0.674,0.09542899997904897,0.012964499997906387,0.7407407407407407,0.6631762652705061,0.6998158379373849,0.6036960985626283,0.6885245901639344,0.6433260393873085
4674627,TfidfVectorizer,MultinomialNB,{'alpha': 1.0},0.72,0.09180350007954985,0.012852100073359907,0.7209653092006033,0.8342059336823735,0.7734627831715211,0.7181008902077152,0.5667447306791569,0.6335078534031413
4674627,TfidfVectorizer,LogisticRegression,{'C': 1},0.723,0.13523989997338504,0.013644600054249167,0.7262996941896025,0.8289703315881326,0.7742461287693562,0.7167630057803468,0.5807962529274004,0.6416558861578266
4674627,TfidfVectorizer,LogisticRegression,{'C': 10},0.698,0.1548167000291869,0.012947100098244846,0.7332185886402753,0.743455497382199,0.7383015597920277,0.649164677804296,0.6370023419203747,0.6430260047281324
4674627,TfidfVectorizer,KNeighbors,{'n_neighbors': 3},0.592,0.08314360002987087,0.15166009997483343,0.5854922279792746,0.9860383944153578,0.7347204161248374,0.7714285714285715,0.06323185011709602,0.11688311688311688
4674627,TfidfVectorizer,KNeighbors,{'n_neighbors': 5},0.584,0.08401140000205487,0.14639250002801418,0.5801838610827375,0.9912739965095986,0.7319587628865979,0.7619047619047619,0.03747072599531616,0.07142857142857142
4674627,TfidfVectorizer,KNeighbors,{'n_neighbors': 7},0.578,0.08625569997821003,0.15767340001184493,0.5766497461928934,0.9912739965095986,0.7291399229781772,0.6666666666666666,0.0234192037470726,0.04524886877828054
4674627,TfidfVectorizer,DecisionTree,{'max_depth': None},0.681,1.3497596000088379,0.01343230006750673,0.722027972027972,0.7207678883071553,0.7213973799126637,0.6261682242990654,0.6276346604215457,0.6269005847953216
4674627,TfidfVectorizer,DecisionTree,{'max_depth': 10},0.667,0.22149150003679097,0.012702999985776842,0.65625,0.8795811518324608,0.7516778523489933,0.7025862068965517,0.38173302107728335,0.4946889226100152
4674627,TfidfVectorizer,DecisionTree,{'max_depth': 20},0.698,0.39681810000911355,0.013446200056932867,0.6921985815602837,0.8516579406631762,0.7636932707355243,0.711864406779661,0.4918032786885246,0.5817174515235457
4674627,TfidfVectorizer,GradientBoosting,"{'n_estimators': 100, 'max_depth': 3}",0.715,3.480119499959983,0.013788199983537197,0.6894736842105263,0.9144851657940664,0.7861965491372843,0.7958333333333333,0.44730679156908665,0.5727136431784108
4674627,TfidfVectorizer,GradientBoosting,"{'n_estimators': 100, 'max_depth': 5}",0.709,6.034701300086454,0.014497999916784465,0.6920980926430518,0.8865619546247818,0.7773527161438408,0.7556390977443609,0.4707259953161593,0.5800865800865801
4674627,TfidfVectorizer,GradientBoosting,"{'n_estimators': 100, 'max_depth': 7}",0.712,8.662478900048882,0.015206100069917738,0.70042194092827,0.8691099476439791,0.7757009345794392,0.740484429065744,0.5011709601873536,0.5977653631284916
4674627,TfidfVectorizer,GradientBoosting,"{'n_estimators': 150, 'max_depth': 3}",0.712,5.171934799989685,0.013570600072853267,0.6917900403768507,0.8970331588132635,0.7811550151975684,0.7704280155642024,0.4637002341920375,0.5789473684210527
4674627,TfidfVectorizer,GradientBoosting,"{'n_estimators': 150, 'max_depth': 5}",0.711,8.962553399964236,0.014808699954301119,0.6977715877437326,0.8743455497382199,0.7761425251742835,0.7446808510638298,0.4918032786885246,0.5923836389280677
4674627,TfidfVectorizer,GradientBoosting,"{'n_estimators': 150, 'max_depth': 7}",0.704,12.719258299912326,0.015634299954399467,0.6975748930099858,0.8534031413612565,0.7676609105180534,0.7190635451505016,0.5035128805620609,0.5922865013774105
4674627,TfidfVectorizer,GradientBoosting,"{'n_estimators': 200, 'max_depth': 3}",0.715,6.923277199966833,0.014274600078351796,0.6945945945945946,0.8970331588132635,0.7829398324447829,0.7730769230769231,0.4707259953161593,0.5851528384279476
4674627,TfidfVectorizer,GradientBoosting,"{'n_estimators': 200, 'max_depth': 5}",0.717,11.810489699942991,0.015527599956840277,0.7048022598870056,0.8708551483420593,0.7790788446526151,0.7465753424657534,0.5105386416861827,0.6063977746870653
4674627,TfidfVectorizer,GradientBoosting,"{'n_estimators': 200, 'max_depth': 7}",0.713,16.796560100046918,0.016966399969533086,0.7078488372093024,0.849912739965096,0.7724028548770817,0.7243589743589743,0.5292740046838408,0.6116373477672531
4674627,TfidfVectorizer,AdaBoost,{'n_estimators': 50},0.702,0.8606889999937266,0.020934400032274425,0.697274031563845,0.8481675392670157,0.7653543307086614,0.7128712871287128,0.5058548009367682,0.5917808219178082
4674627,TfidfVectorizer,AdaBoost,{'n_estimators': 100},0.71,1.6523261000402272,0.02953870000783354,0.7187017001545595,0.8115183246073299,0.7622950819672131,0.6940509915014165,0.5737704918032787,0.6282051282051282
4674627,TfidfVectorizer,AdaBoost,{'n_estimators': 150},0.71,2.4329682999523357,0.03783279994968325,0.7193798449612403,0.8097731239092496,0.7619047619047619,0.6929577464788732,0.5761124121779859,0.629156010230179
4674627,TfidfVectorizer,SGD,{'alpha': 0.0001},0.705,0.09392189991194755,0.011907299980521202,0.7286184210526315,0.7731239092495636,0.7502116850127011,0.6683673469387755,0.6135831381733021,0.6398046398046398
4674627,TfidfVectorizer,SGD,{'alpha': 0.001},0.69,0.09088959998916835,0.013295499957166612,0.6654088050314465,0.9232111692844677,0.7733918128654971,0.7853658536585366,0.3770491803278688,0.509493670886076
4674627,CountVectorizer,RandomForest,"{'n_estimators': 100, 'max_depth': 10}",0.609,0.3121157999848947,0.01885479991324246,0.5951882845188284,0.9930191972076788,0.7442773054283846,0.9090909090909091,0.0936768149882904,0.16985138004246284
4674627,CountVectorizer,RandomForest,"{'n_estimators': 100, 'max_depth': 20}",0.673,0.6605268000857905,0.020766600035130978,0.6436915887850467,0.9616055846422339,0.7711686494051785,0.8472222222222222,0.2857142857142857,0.4273204903677758
4674627,CountVectorizer,RandomForest,"{'n_estimators': 150, 'max_depth': 10}",0.618,0.43052980001084507,0.02194730006158352,0.6014877789585548,0.987783595113438,0.7476882430647291,0.8813559322033898,0.12177985948477751,0.2139917695473251
4674627,CountVectorizer,RandomForest,"{'n_estimators': 150, 'max_depth': 20}",0.678,0.951900799991563,0.025240100105293095,0.6481700118063755,0.9581151832460733,0.7732394366197183,0.8431372549019608,0.30210772833723654,0.44482758620689655
4674627,CountVectorizer,RandomForest,"{'n_estimators': 200, 'max_depth': 10}",0.614,0.5462937999982387,0.025888599921017885,0.5985247629083246,0.9912739965095986,0.7463863337713534,0.9019607843137255,0.10772833723653395,0.19246861924686193
4674627,CountVectorizer,RandomForest,"{'n_estimators': 200, 'max_depth': 20}",0.677,1.2340303000528365,0.02932390000205487,0.6460280373831776,0.9650959860383944,0.7739678096571029,0.8611111111111112,0.2903981264637002,0.4343257443082312
4674627,CountVectorizer,SVC,"{'C': 1, 'kernel': 'linear'}",0.684,5.191699099959806,0.32009289995767176,0.7290552584670231,0.7137870855148342,0.7213403880070547,0.6264236902050114,0.6440281030444965,0.6351039260969977
4674627,CountVectorizer,SVC,"{'C': 1, 'kernel': 'rbf'}",0.723,5.18646009999793,0.5661489999620244,0.7144927536231884,0.8603839441535777,0.7806809184481394,0.7419354838709677,0.5386416861826698,0.6241519674355496
4674627,CountVectorizer,SVC,"{'C': 10, 'kernel': 'linear'}",0.631,6.372480300022289,0.2854405000107363,0.6902985074626866,0.6457242582897034,0.6672678088367899,0.5625,0.6112412177985949,0.5858585858585859
4674627,CountVectorizer,SVC,"{'C': 10, 'kernel': 'rbf'}",0.692,11.489959600032307,0.5890309000387788,0.7106518282988871,0.7801047120418848,0.7437603993344426,0.660377358490566,0.5737704918032787,0.6140350877192983
4674627,CountVectorizer,MultinomialNB,{'alpha': 0.01},0.674,0.0829212999669835,0.011368699953891337,0.7622080679405521,0.6265270506108203,0.6877394636015326,0.5954631379962193,0.7377049180327869,0.6589958158995816
4674627,CountVectorizer,MultinomialNB,{'alpha': 1.0},0.705,0.0847961000399664,0.011329000000841916,0.7791164658634538,0.6771378708551483,0.7245564892623716,0.6314741035856574,0.7423887587822015,0.682454251883746
4674627,CountVectorizer,LogisticRegression,{'C': 1},0.701,0.2416167000774294,0.01235629990696907,0.7216828478964401,0.7783595113438045,0.7489504617968094,0.6675392670157068,0.5971896955503513,0.630407911001236
4674627,CountVectorizer,LogisticRegression,{'C': 10},0.686,0.3666827999986708,0.012542200041934848,0.7283950617283951,0.7207678883071553,0.724561403508772,0.6304849884526559,0.639344262295082,0.6348837209302326
4674627,CountVectorizer,KNeighbors,{'n_neighbors': 3},0.651,0.07884269999340177,0.16496520000509918,0.6439588688946015,0.8743455497382199,0.7416728349370837,0.6756756756756757,0.351288056206089,0.4622496147919877
4674627,CountVectorizer,KNeighbors,{'n_neighbors': 5},0.624,0.08122239995282143,0.1644708999665454,0.6193939393939394,0.8917975567190227,0.7310443490701002,0.6457142857142857,0.2646370023419204,0.3754152823920266
4674627,CountVectorizer,KNeighbors,{'n_neighbors': 7},0.626,0.07832049997523427,0.1643418000312522,0.6171967020023557,0.9144851657940664,0.7369901547116737,0.6754966887417219,0.2388758782201405,0.35294117647058826
4674627,CountVectorizer,DecisionTree,{'max_depth': None},0.701,1.1751597000984475,0.012677199905738235,0.7345890410958904,0.7486910994764397,0.7415730337078652,0.6538461538461539,0.6370023419203747,0.6453143534994069
4674627,CountVectorizer,DecisionTree,{'max_depth': 10},0.677,0.17585989995859563,0.012171700014732778,0.6675603217158177,0.8691099476439791,0.755117513267627,0.7047244094488189,0.41920374707259955,0.5256975036710719
4674627,CountVectorizer,DecisionTree,{'max_depth': 20},0.724,0.32748069998342544,0.013572399970144033,0.728110599078341,0.8272251308900523,0.7745098039215687,0.7163323782234957,0.585480093676815,0.6443298969072165
4674627,CountVectorizer,GradientBoosting,"{'n_estimators': 100, 'max_depth': 3}",0.717,2.099344399990514,0.012601700029335916,0.6917989417989417,0.912739965095986,0.7870579382994732,0.7950819672131147,0.45433255269320844,0.5782414307004471
4674627,CountVectorizer,GradientBoosting,"{'n_estimators': 100, 'max_depth': 5}",0.714,3.7076484999852255,0.013442999916151166,0.6973865199449794,0.8848167539267016,0.78,0.7582417582417582,0.4847775175644028,0.5914285714285714
4674627,CountVectorizer,GradientBoosting,"{'n_estimators': 100, 'max_depth': 7}",0.714,5.458640299970284,0.0152084999717772,0.7018284106891702,0.8708551483420593,0.7772585669781932,0.7439446366782007,0.5035128805620609,0.6005586592178771
4674627,CountVectorizer,GradientBoosting,"{'n_estimators': 150, 'max_depth': 3}",0.714,3.0674613000592217,0.012852400075644255,0.6952380952380952,0.8917975567190227,0.7813455657492355,0.7660377358490567,0.47540983606557374,0.5867052023121387
4674627,CountVectorizer,GradientBoosting,"{'n_estimators': 150, 'max_depth': 5}",0.717,5.391501599922776,0.013973900000564754,0.7036516853932584,0.8743455497382199,0.7797665369649806,0.75,0.5058548009367682,0.6041958041958042
4674627,CountVectorizer,GradientBoosting,"{'n_estimators': 150, 'max_depth': 7}",0.712,7.866586099960841,0.015110500040464103,0.7027027027027027,0.8621291448516579,0.774294670846395,0.734006734006734,0.5105386416861827,0.6022099447513812
4674627,CountVectorizer,GradientBoosting,"{'n_estimators': 200, 'max_depth': 3}",0.721,4.029073799960315,0.013688999926671386,0.7024793388429752,0.8900523560209425,0.7852193995381063,0.7700729927007299,0.49414519906323184,0.6019971469329529
4674627,CountVectorizer,GradientBoosting,"{'n_estimators': 200, 'max_depth': 5}",0.719,7.103615100029856,0.014560500043444335,0.7073863636363636,0.8691099476439791,0.7799530148786218,0.7466216216216216,0.5175644028103045,0.6113416320885201
4674627,CountVectorizer,GradientBoosting,"{'n_estimators': 200, 'max_depth': 7}",0.717,10.145761799998581,0.01610769995022565,0.7095375722543352,0.8568935427574171,0.7762845849802371,0.7337662337662337,0.5292740046838408,0.6149659863945578
4674627,CountVectorizer,AdaBoost,{'n_estimators': 50},0.719,0.5572339999489486,0.020828800043091178,0.7115942028985507,0.8568935427574171,0.777513855898654,0.7354838709677419,0.5339578454332553,0.6187245590230664
4674627,CountVectorizer,AdaBoost,{'n_estimators': 100},0.718,1.0579518000595272,0.029022599919699132,0.7221374045801526,0.8254799301919721,0.7703583061889251,0.7101449275362319,0.5737704918032787,0.6347150259067358
4674627,CountVectorizer,AdaBoost,{'n_estimators': 150},0.709,1.5035207000328228,0.037152000004425645,0.719626168224299,0.806282722513089,0.7604938271604939,0.6899441340782123,0.5784543325526932,0.6292993630573248
4674627,CountVectorizer,SGD,{'alpha': 0.0001},0.679,0.10346370004117489,0.011141200084239244,0.7404580152671756,0.6771378708551483,0.707383773928897,0.6113445378151261,0.6814988290398126,0.6445182724252492
4674627,CountVectorizer,SGD,{'alpha': 0.001},0.71,0.09535890002734959,0.012215199996717274,0.724960254372019,0.7958115183246073,0.7587354409317804,0.6846361185983828,0.594847775175644,0.6365914786967418
